Workbook

Sheet 250505_these Lisa_sol_cinetique
A1: Quantify Compound Summary Report
A3: Printed Wed May 07 15:55:28 2025
A5: Compound 1: Diflufenican
B7: # | C7: Name | D7: Sample Text | E7: RT | F7: Type | G7: Std, Conc | H7: %Dev | I7: Primary Flags | J7: µg/l | K7: Area | L7: IS Area | M7: Response | N7: 1ｺ Area | O7: S/N | P7: 1ｺ Ratio (Actual)
A8: 1 | B8: 1 | C8: 250505_gamme_015ugL_1 | E8: 9.02 | F8: Standard | G8: 0.15 | H8: 2 | I8: bb | J8: 0.1531 | K8: 570 | L8: 112567 | M8: 1.013 | N8: 205 | O8: 299.171 | P8: 2.777
A9: 2 | B9: 2 | C9: 250505_gamme_050ugL_1 | E9: 9.02 | F9: Standard | G9: 0.5 | H9: 0.1 | I9: bb | J9: 0.5003 | K9: 1919 | L9: 116098 | M9: 3.306 | N9: 582 | O9: 720.438 | P9: 3.299
A10: 3 | B10: 3 | C10: 250505_gamme_2ugL_1 | E10: 9.02 | F10: Standard | G10: 2 | H10: -2.9 | I10: bb | J10: 1.9412 | K10: 8208 | L10: 128045 | M10: 12.821 | N10: 2435 | O10: 5360.97 | P10: 3.371
A11: 4 | B11: 4 | C11: 250505_gamme_20ugL_1 | E11: 9.02 | F11: Standard | G11: 20.1 | H11: 2.8 | I11: bb | J11: 20.653 | K11: 90009 | L11: 132398 | M11: 135.967 | N11: 25039 | O11: 74997.06 | P11: 3.595
A12: 5 | B12: 5 | C12: 250505_gamme_50ugL_1 | E12: 9.01 | F12: Standard | G12: 50.2 | H12: 0.2 | I12: bb | J12: 50.3143 | K12: 227726 | L12: 138172 | M12: 329.628 | N12: 63090 | O12: 247249.62 | P12: 3.609
A13: 6 | B13: 6 | C13: 250505_gamme_100ugL_1 | E13: 9.01 | F13: Standard | G13: 100.4 | H13: 0.1 | I13: bb | J13: 100.5385 | K13: 459398 | L13: 140658 | M13: 653.215 | N13: 127721 | O13: 130029.77 | P13: 3.597
A14: 7 | B14: 7 | C14: 250505_gamme_300ugL_1 | E14: 9.01 | F14: Standard | G14: 301.2 | H14: 4.4 | I14: bb | J14: 314.4619 | K14: 1449844 | L14: 147154 | M14: 1970.512 | N14: 404538 | O14: 1460835.3 | P14: 3.584
A15: 27 | B15: 27 | C15: 250505_gamme_015ugL_2 | E15: 9.02 | F15: Standard | G15: 0.15 | H15: -1.7 | I15: bb | J15: 0.1475 | K15: 777 | L15: 159209 | M15: 0.976 | N15: 273 | O15: 1835.327 | P15: 2.843
A16: 28 | B16: 28 | C16: 250505_gamme_050ugL_2 | E16: 9.02 | F16: Standard | G16: 0.5 | H16: 0.7 | I16: bb | J16: 0.5037 | K16: 2613 | L16: 157012 | M16: 3.329 | N16: 805 | O16: 1336.556 | P16: 3.247
A17: 29 | B17: 29 | C17: 250505_gamme_2ugL_2 | E17: 9.01 | F17: Standard | G17: 2 | H17: -0.8 | I17: bb | J17: 1.9847 | K17: 10031 | L17: 153061 | M17: 13.107 | N17: 2955 | O17: 5062.369 | P17: 3.395
A18: 30 | B18: 30 | C18: 250505_gamme_20ugL_2 | E18: 9.01 | F18: Standard | G18: 20.1 | H18: 1.1 | I18: bb | J18: 20.3257 | K18: 102975 | L18: 153900 | M18: 133.82 | N18: 29497 | O18: 43176.15 | P18: 3.491
A19: 31 | B19: 31 | C19: 250505_gamme_50ugL_2 | E19: 9.01 | F19: Standard | G19: 50.2 | H19: -1.3 | I19: bb | J19: 49.5473 | K19: 255626 | L19: 157481 | M19: 324.644 | N19: 74169 | O19: 297241.11 | P19: 3.447
A20: 32 | B20: 32 | C20: 250505_gamme_100ugL_2 | E20: 9.01 | F20: Standard | G20: 100.4 | H20: -0.5 | I20: bb | J20: 99.9336 | K20: 505080 | L20: 155565 | M20: 649.35 | N20: 143936 | O20: 156887.09 | P20: 3.509
A21: 33 | B21: 33 | C21: 250505_gamme_300ugL_2 | E21: 9.01 | F21: Standard | G21: 301.2 | H21: -4.3 | I21: bb | J21: 288.1592 | K21: 1527659 | L21: 168442 | M21: 1813.87 | N21: 443355 | O21: 234638.33 | P21: 3.446 | R21: prise d'essai (g) | S21: quantité extrait (µg) | T21: mg/kg | U21: RDT SI %
A22: 12 | B22: 12 | C22: 250505_EPX_J21_1 | E22: 9.01 | F22: Analyte | I22: bb | J22: 539.2071 | K22: 289 | L22: 18 | M22: 3248.059 | N22: 76 | O22: 63.496 | P22: 3.807 | R22: 4.964 | U22: pas de standard interne
A23: 13 | B23: 13 | C23: 250505_EPX_J14_3 | E23: 9.01 | F23: Analyte | I23: bb | J23: 340.8252 | K23: 226 | L23: 21 | M23: 2126.016 | N23: 90 | O23: 195.297 | P23: 2.513 | R23: 5.0912 | U23: pas de standard interne
A24: 14 | B24: 14 | C24: 250505_EPX_J7_1 | E24: 9.01 | F24: Analyte | I24: bb | K24: 161 | N24: 42 | O24: 23.514 | P24: 3.818 | R24: 4.9481 | U24: pas de standard interne
A25: 15 | B25: 15 | C25: 250505_EPX_J0_1 | E25: 9.01 | F25: Analyte | I25: bb | J25: 368.2206 | K25: 407 | L25: 36 | M25: 2286.018 | N25: 108 | O25: 93.173 | P25: 3.76 | R25: 5.0441 | U25: pas de standard interne
A26: 16 | B26: 16 | C26: 250505_EPX_J0_2 | E26: 9.01 | F26: Analyte | I26: bb | J26: 411.0927 | K26: 196 | L26: 16 | M26: 2533.161 | N26: 51 | O26: 79.618 | P26: 3.873 | R26: 5.0977 | U26: pas de standard interne
A27: 17 | B27: 17 | C27: 250505_epx_J14_3_dil20 | E27: 9.01 | F27: Analyte | I27: bb | K27: 101 | N27: 41 | O27: 70.547 | P27: 2.461 | R27: 5.0912 | U27: pas de standard interne
A28: 18 | B28: 18 | C28: 250505_IMD_J21_1 | E28: 9.01 | F28: Analyte | I28: bb | J28: 1.2373 | K28: 1694 | L28: 41452 | M28: 8.173 | N28: 514 | O28: 395.811 | P28: 3.296 | R28: 5.0968 | S28: =(J28*2/1000)*9/8 -> 0.002783925 | T28: =(S28*1000/5)/1000 -> 0.000556785 | U28: =100+H65 -> 28.7
A29: 19 | B29: 19 | C29: 250505_IMD_J14_3 | E29: 9.01 | F29: Analyte | I29: bb | J29: 0.7497 | K29: 1042 | L29: 42052 | M29: 4.953 | N29: 312 | O29: 548.865 | P29: 3.335 | R29: 5.037 | S29: =(J29*2/1000)*9/8 -> 0.001686825 | T29: =(S29*1000/5)/1000 -> 0.000337365 | U29: =100+H66 -> 29.1
A30: 20 | B30: 20 | C30: 250505_IND_J7_1 | E30: 9 | F30: Analyte | I30: bb | J30: 0.4326 | K30: 628 | L30: 43953 | M30: 2.86 | N30: 202 | O30: 208.329 | P30: 3.104 | R30: 5.0721 | S30: =(J30*2/1000)*9/8 -> 0.00097335 | T30: =(S30*1000/5)/1000 -> 0.00019467 | U30: =100+H67 -> 30.5
A31: 21 | B31: 21 | C31: 250505_IMD_J0_1 | E31: 9 | F31: Analyte | I31: bb | J31: 0.8324 | K31: 1383 | L31: 50285 | M31: 5.5 | N31: 419 | O31: 327.958 | P31: 3.3 | R31: 4.9245 | S31: =(J31*2/1000)*9/8 -> 0.0018729 | T31: =(S31*1000/5)/1000 -> 0.00037458 | U31: =100+H68 -> 34.9
A32: 22 | B32: 22 | C32: 250505_IMD_J0_2 | E32: 9 | F32: Analyte | I32: bb | J32: 0.4839 | K32: 870 | L32: 54382 | M32: 3.198 | N32: 261 | O32: 700.933 | P32: 3.338 | R32: 4.9744 | S32: =(J32*2/1000)*9/8 -> 0.001088775 | T32: =(S32*1000/5)/1000 -> 0.000217755 | U32: =100+H69 -> 37.7
A33: 8 | B33: 8 | C33: 250505_blanc_MeOH_1 | E33: 9.02 | I33: bb | J33: 241.1023 | K33: 905 | L33: 118 | M33: 1529.906 | N33: 244 | O33: 91.87 | P33: 3.716
A34: 9 | B34: 9 | C34: 250505_blanc3 | E34: 9.02 | I34: bb | J34: 186.6944 | K34: 306 | L34: 51 | M34: 1195.624 | N34: 73 | O34: 137.808 | P34: 4.196
A35: 10 | B35: 10 | C35: 250505_blanc4 | E35: 9.02 | I35: bb | K35: 153 | N35: 53 | O35: 191.326 | P35: 2.898
A36: 11 | B36: 11 | C36: 250505_blanc5 | E36: 9.01 | I36: bb | K36: 120 | O36: 22.627
A37: 23 | B37: 23 | C37: 250505_blanc_MeOH_2 | L37: 59
A38: 24 | B38: 24 | C38: 250505_blanc6
A39: 25 | B39: 25 | C39: 250505_blanc7
A40: 26 | B40: 26 | C40: 250505_blanc8
A42: Compound 2: Diflufenican-d3
B44: # | C44: Name | D44: Sample Text | E44: RT | F44: Type | G44: Std, Conc | H44: %Dev | I44: Primary Flags | J44: µg/l | K44: Area | L44: IS Area | M44: Response | N44: 1ｺ Area | O44: S/N | P44: 1ｺ Ratio (Actual)
A45: 1 | B45: 1 | C45: 250505_gamme_015ugL_1 | E45: 9.01 | F45: Standard | G45: 200 | H45: -22 | I45: MM | J45: 156.0519 | K45: 112567 | M45: 112566.98 | O45: 68512.931
A46: 2 | B46: 2 | C46: 250505_gamme_050ugL_1 | E46: 9.01 | F46: Standard | G46: 200 | H46: -19.5 | I46: MM | J46: 160.9472 | K46: 116098 | M46: 116098.18 | O46: 82935.121
A47: 3 | B47: 3 | C47: 250505_gamme_2ugL_1 | E47: 9.01 | F47: Standard | G47: 200 | H47: -11.2 | I47: MM | J47: 177.5097 | K47: 128045 | M47: 128045.46 | O47: 12543.506
A48: 4 | B48: 4 | C48: 250505_gamme_20ugL_1 | E48: 9.01 | F48: Standard | G48: 200 | H48: -8.2 | I48: MM | J48: 183.544 | K48: 132398 | M48: 132398.28 | O48: 156210.72
A49: 5 | B49: 5 | C49: 250505_gamme_50ugL_1 | E49: 9.01 | F49: Standard | G49: 200 | H49: -4.2 | I49: MM | J49: 191.5477 | K49: 138172 | M49: 138171.67 | O49: 77485.124
A50: 6 | B50: 6 | C50: 250505_gamme_100ugL_1 | E50: 9.01 | F50: Standard | G50: 200 | H50: -2.5 | I50: MM | J50: 194.9941 | K50: 140658 | M50: 140657.69 | O50: 200579.33
A51: 7 | B51: 7 | C51: 250505_gamme_300ugL_1 | E51: 9.01 | F51: Standard | G51: 200 | H51: 2 | I51: MM | J51: 204 | K51: 147154 | M51: 147154.08 | O51: 65006.492
A52: 27 | B52: 27 | C52: 250505_gamme_015ugL_2 | E52: 9.01 | F52: Standard | G52: 200 | H52: 10.4 | I52: MM | J52: 220.7113 | K52: 159209 | M52: 159208.66 | O52: 70087.22
A53: 28 | B53: 28 | C53: 250505_gamme_050ugL_2 | E53: 9.01 | F53: Standard | G53: 200 | H53: 8.8 | I53: MM | J53: 217.6658 | K53: 157012 | M53: 157011.78 | O53: 189475.65
A54: 29 | B54: 29 | C54: 250505_gamme_2ugL_2 | E54: 9.01 | F54: Standard | G54: 200 | H54: 6.1 | I54: MM | J54: 212.1886 | K54: 153061 | M54: 153060.83 | O54: 44317.903
A55: 30 | B55: 30 | C55: 250505_gamme_20ugL_2 | E55: 9.01 | F55: Standard | G55: 200 | H55: 6.7 | I55: MM | J55: 213.3522 | K55: 153900 | M55: 153900.25 | O55: 77818.965
A56: 31 | B56: 31 | C56: 250505_gamme_50ugL_2 | E56: 9.01 | F56: Standard | G56: 200 | H56: 9.2 | I56: MM | J56: 218.3164 | K56: 157481 | M56: 157481.12 | O56: 37933.481
A57: 32 | B57: 32 | C57: 250505_gamme_100ugL_2 | E57: 9.01 | F57: Standard | G57: 200 | H57: 7.8 | I57: MM | J57: 215.6599 | K57: 155565 | M57: 155564.83 | O57: 46639.145
A58: 33 | B58: 33 | C58: 250505_gamme_300ugL_2 | E58: 9.01 | F58: Standard | G58: 200 | H58: 16.8 | I58: MM | J58: 233.5114 | K58: 168442 | M58: 168441.92 | O58: 24519.484 | R58: RDT % sur SI
A59: 12 | B59: 12 | C59: 250505_EPX_J21_1 | E59: 9 | F59: Analyte | G59: 200 | H59: -100 | I59: MM | J59: 0.0247 | K59: 18 | M59: 17.799 | O59: 3.834 | R59: pas de standard interne
A60: 13 | B60: 13 | C60: 250505_EPX_J14_3 | E60: 9.01 | F60: Analyte | G60: 200 | H60: -100 | I60: MM | J60: 0.0294 | K60: 21 | M60: 21.218 | O60: 11.561 | R60: pas de standard interne
A61: 14 | B61: 14 | C61: 250505_EPX_J7_1 | F61: Analyte | G61: 200 | R61: pas de standard interne
A62: 15 | B62: 15 | C62: 250505_EPX_J0_1 | E62: 9 | F62: Analyte | G62: 200 | H62: -100 | I62: MM | J62: 0.0494 | K62: 36 | M62: 35.639 | O62: 17.485 | R62: pas de standard interne
A63: 16 | B63: 16 | C63: 250505_EPX_J0_2 | E63: 9 | F63: Analyte | G63: 200 | H63: -100 | I63: MM | J63: 0.0215 | K63: 16 | M63: 15.512 | O63: 27.539 | R63: pas de standard interne
A64: 17 | B64: 17 | C64: 250505_epx_J14_3_dil20 | F64: Analyte | G64: 200 | R64: pas de standard interne
A65: 18 | B65: 18 | C65: 250505_IMD_J21_1 | E65: 9 | F65: Analyte | G65: 200 | H65: -71.3 | I65: MM | J65: 57.4647 | K65: 41452 | M65: 41451.797 | O65: 41922.537 | R65: =100+H65 -> 28.7
A66: 19 | B66: 19 | C66: 250505_IMD_J14_3 | E66: 9 | F66: Analyte | G66: 200 | H66: -70.9 | I66: MM | J66: 58.2971 | K66: 42052 | M66: 42052.227 | O66: 17241.394 | R66: =100+H66 -> 29.1
A67: 20 | B67: 20 | C67: 250505_IND_J7_1 | E67: 9 | F67: Analyte | G67: 200 | H67: -69.5 | I67: MM | J67: 60.9322 | K67: 43953 | M67: 43953.078 | O67: 396055.23 | R67: =100+H67 -> 30.5
A68: 21 | B68: 21 | C68: 250505_IMD_J0_1 | E68: 9 | F68: Analyte | G68: 200 | H68: -65.1 | I68: MM | J68: 69.7105 | K68: 50285 | M68: 50285.203 | O68: 20673.71 | R68: =100+H68 -> 34.9
A69: 22 | B69: 22 | C69: 250505_IMD_J0_2 | E69: 9 | F69: Analyte | G69: 200 | H69: -62.3 | I69: MM | J69: 75.3899 | K69: 54382 | M69: 54381.996 | O69: 8518.239 | R69: =100+H69 -> 37.7
A70: 8 | B70: 8 | C70: 250505_blanc_MeOH_1 | E70: 9.01 | G70: 200 | H70: -99.9 | I70: MM | J70: 0.164 | K70: 118 | M70: 118.329 | O70: 51.827
A71: 9 | B71: 9 | C71: 250505_blanc3 | E71: 9.01 | G71: 200 | H71: -100 | I71: MM | J71: 0.071 | K71: 51 | M71: 51.231 | O71: 23.321
A72: 10 | B72: 10 | C72: 250505_blanc4 | G72: 200
A73: 11 | B73: 11 | C73: 250505_blanc5 | G73: 200
A74: 23 | B74: 23 | C74: 250505_blanc_MeOH_2 | E74: 9.01 | G74: 200 | H74: -100 | I74: MM | J74: 0.0822 | K74: 59 | M74: 59.278 | O74: 4.814
A75: 24 | B75: 24 | C75: 250505_blanc6 | G75: 200
A76: 25 | B76: 25 | C76: 250505_blanc7 | G76: 200
A77: 26 | B77: 26 | C77: 250505_blanc8 | G77: 200
A79: Compound 3: epoxiconazole
B81: # | C81: Name | D81: Sample Text | E81: RT | F81: Type | G81: Std, Conc | H81: %Dev | I81: Primary Flags | J81: µg/l | K81: Area | L81: IS Area | M81: Response | N81: 1ｺ Area | O81: S/N | P81: 1ｺ Ratio (Actual)
A82: 1 | B82: 1 | C82: 250505_gamme_015ugL_1 | E82: 8.04 | F82: Standard | G82: 0.15 | H82: -3.5 | I82: bb | J82: 0.1447 | K82: 10083 | L82: 8142586 | M82: 0.248 | N82: 17139 | O82: 2720.314 | P82: 0.588
A83: 2 | B83: 2 | C83: 250505_gamme_050ugL_1 | E83: 8.05 | F83: Standard | G83: 0.5 | H83: 1.2 | I83: bb | J83: 0.5059 | K83: 26154 | L83: 8136792 | M83: 0.643 | N83: 20193 | O83: 3802.582 | P83: 1.295
A84: 3 | B84: 3 | C84: 250505_gamme_2ugL_1 | E84: 8.05 | F84: Standard | G84: 2 | H84: 1.7 | I84: bb | J84: 2.0349 | K84: 101744 | L84: 8790450 | M84: 2.315 | N84: 38686 | O84: 1850.087 | P84: 2.63
A85: 4 | B85: 4 | C85: 250505_gamme_20ugL_1 | E85: 8.05 | F85: Standard | G85: 20.1 | H85: 3.7 | I85: bb | J85: 20.8457 | K85: 1001074 | L85: 8810274 | M85: 22.725 | N85: 235663 | O85: 40846.538 | P85: 4.248
A86: 5 | B86: 5 | C86: 250505_gamme_50ugL_1 | E86: 8.05 | F86: Standard | G86: 50.2 | H86: 0.4 | I86: bb | J86: 50.3856 | K86: 2420908 | L86: 8936758 | M86: 54.179 | N86: 546513 | O86: 45733148 | P86: 4.43
A87: 6 | B87: 6 | C87: 250505_gamme_100ugL_1 | E87: 8.04 | F87: Standard | G87: 100.4 | H87: 0.7 | I87: bb | J87: 101.0808 | K87: 4845321 | L87: 9103074 | M87: 106.455 | N87: 1079267 | O87: 90549336 | P87: 4.49
A88: 7 | B88: 7 | C88: 250505_gamme_300ugL_1 | E88: 8.04 | F88: Standard | G88: 301.2 | H88: 0.8 | I88: bb | J88: 303.6649 | K88: 12812490 | L88: 8719909 | M88: 293.868 | N88: 2898408 | O88: 233539696 | P88: 4.42
A89: 27 | B89: 27 | C89: 250505_gamme_015ugL_2 | E89: 8.03 | F89: Standard | G89: 0.15 | H89: -1.8 | I89: bb | J89: 0.1473 | K89: 10926 | L89: 8725242 | M89: 0.25 | N89: 20434 | O89: 261.228 | P89: 0.535
A90: 28 | B90: 28 | C90: 250505_gamme_050ugL_2 | E90: 8.04 | F90: Standard | G90: 0.5 | H90: -1 | I90: bb | J90: 0.4952 | K90: 26931 | L90: 8533481 | M90: 0.631 | N90: 23182 | O90: 1467.402 | P90: 1.162
A91: 29 | B91: 29 | C91: 250505_gamme_2ugL_2 | E91: 8.04 | F91: Standard | G91: 2 | H91: -0.5 | I91: bb | J91: 1.9899 | K91: 96498 | L91: 8517984 | M91: 2.266 | N91: 38527 | O91: 4930.638 | P91: 2.505
A92: 30 | B92: 30 | C92: 250505_gamme_20ugL_2 | E92: 8.04 | F92: Standard | G92: 20.1 | H92: 2.1 | I92: bb | J92: 20.528 | K92: 945026 | L92: 8444180 | M92: 22.383 | N92: 227003 | O92: 114042.18 | P92: 4.163
A93: 31 | B93: 31 | C93: 250505_gamme_50ugL_2 | E93: 8.04 | F93: Standard | G93: 50.2 | H93: -1.3 | I93: bb | J93: 49.5226 | K93: 2250820 | L93: 8450588 | M93: 53.27 | N93: 517826 | O93: 96004.328 | P93: 4.347
A94: 32 | B94: 32 | C94: 250505_gamme_100ugL_2 | E94: 8.04 | F94: Standard | G94: 100.4 | H94: -1.8 | I94: bb | J94: 98.5808 | K94: 4274895 | L94: 8226719 | M94: 103.927 | N94: 985889 | O94: 423049.09 | P94: 4.336
A95: 33 | B95: 33 | C95: 250505_gamme_300ugL_2 | E95: 8.03 | F95: Standard | G95: 301.2 | H95: -0.7 | I95: bb | J95: 299.198 | K95: 11920873 | L95: 8218294 | M95: 290.106 | N95: 2732903 | O95: 2194151 | P95: 4.362 | R95: prise d'essai (g) | S95: quantité extrait (µg) | T95: mg/kg | U95: RDT SI %
A96: 12 | B96: 12 | C96: 250505_EPX_J21_1 | D96: dilution 1/10 | E96: 8.03 | F96: Analyte | I96: bb | J96: 177.1599 | K96: 6732133 | L96: 7444304 | M96: 180.867 | N96: 1507357 | O96: 860940.81 | P96: 4.466 | R96: 4.964 | S96: =(J96*10*2/1000)*9/8 -> 3.9860977 | T96: =(S96*1000/5)/1000 -> 0.79721955 | U96: =100+H133 -> 87
A97: 13 | B97: 13 | C97: 250505_EPX_J14_3 | D97: dilution 1/10 | E97: 8.03 | F97: Analyte | I97: bb | J97: 765.8802 | K97: 21198462 | L97: 7152148 | M97: 592.786 | N97: 4990696 | O97: 1796961.9 | P97: 4.248 | R97: 5.0912 | S97: hors gamme | U97: =100+H134 -> 83.6
A98: 14 | B98: 14 | C98: 250505_EPX_J7_1 | D98: dilution 1/10 | E98: 8.03 | F98: Analyte | I98: bb | J98: 157.6811 | K98: 5942779 | L98: 7324267 | M98: 162.276 | N98: 1339631 | O98: 341306.33 | P98: 4.436 | R98: 4.9481 | S98: =(J98*10*2/1000)*9/8 -> 3.5478247 | T98: =(S98*1000/5)/1000 -> 0.70956495 | U98: =100+H135 -> 85.6
A99: 15 | B99: 15 | C99: 250505_EPX_J0_1 | D99: dilution 1/10 | E99: 8.03 | F99: Analyte | I99: bb | J99: 174.721 | K99: 6705247 | L99: 7510505 | M99: 178.556 | N99: 1511355 | O99: 399892.75 | P99: 4.437 | R99: 5.0441 | S99: =(J99*10*2/1000)*9/8 -> 3.9312225 | T99: =(S99*1000/5)/1000 -> 0.7862445 | U99: =100+H136 -> 87.8
A100: 16 | B100: 16 | C100: 250505_EPX_J0_2 | D100: dilution 1/10 | E100: 8.03 | F100: Analyte | I100: bb | J100: 245.142 | K100: 9130678 | L100: 7506992 | M100: 243.258 | N100: 2099281 | O100: 1899492.5 | P100: 4.349 | R100: 5.0977 | S100: =(J100*10*2/1000)*9/8 -> 5.515695 | T100: =(S100*1000/5)/1000 -> 1.103139 | U100: =100+H137 -> 87.8
A101: 17 | B101: 17 | C101: 250505_epx_J14_3_dil20 | D101: dilution 1/20 | E101: 8.03 | F101: Analyte | I101: bb | J101: 314.6427 | K101: 9511214 | L101: 3138586 | M101: 303.041 | N101: 2223094 | O101: 1055769.8 | P101: 4.278 | R101: 5.0912 | S101: =(J101*20*2/1000)*9/8 -> 14.158921 | T101: =(S101*1000/5)/1000 -> 2.8317843 | U101: =100+H138 -> 73.4
A102: 18 | B102: 18 | C102: 250505_IMD_J21_1 | E102: 8.02 | F102: Analyte | I102: bb | K102: 56530 | L102: 33119 | N102: 12994 | O102: 5966.926 | P102: 4.35 | R102: 5.0968 | U102: pas de standard interne
A103: 19 | B103: 19 | C103: 250505_IMD_J14_3 | E103: 8.03 | F103: Analyte | I103: bb | K103: 17029 | L103: 6138 | N103: 3895 | O103: 649.822 | P103: 4.372 | R103: 5.037 | U103: pas de standard interne
A104: 20 | B104: 20 | C104: 250505_IND_J7_1 | E104: 8.02 | F104: Analyte | I104: bb | K104: 22467 | L104: 5640 | N104: 5221 | O104: 987.126 | P104: 4.303 | R104: 5.0721 | U104: pas de standard interne
A105: 21 | B105: 21 | C105: 250505_IMD_J0_1 | E105: 8.02 | F105: Analyte | I105: bb | K105: 32583 | L105: 12580 | N105: 7535 | O105: 1024.141 | P105: 4.324 | R105: 4.9245 | U105: pas de standard interne
A106: 22 | B106: 22 | C106: 250505_IMD_J0_2 | E106: 8.02 | F106: Analyte | I106: bb | K106: 15785 | L106: 2578 | N106: 3610 | O106: 987.02 | P106: 4.373 | R106: 4.9744 | U106: pas de standard interne
A107: 8 | B107: 8 | C107: 250505_blanc_MeOH_1 | E107: 8.04 | I107: bb | K107: 7797 | L107: 6938 | N107: 1618 | O107: 337.84 | P107: 4.818
...

Sheet 250513_these Lisa_sol_cinetique
A1: Quantify Compound Summary Report
A3: Printed Thu May 15 15:00:37 2025
A5: Compound 1: Diflufenican
B7: # | C7: Name | D7: Sample Text | E7: RT | F7: Type | G7: Std, Conc | H7: %Dev | I7: Primary Flags | J7: ng/l | K7: Area | L7: IS Area | M7: Response | N7: 1ｺ Area | O7: S/N | P7: 1ｺ Ratio (Actual)
A8: 1 | B8: 1 | C8: 250513_gamme1_4 | E8: 12.19 | F8: Standard | G8: 40 | H8: -26.2 | I8: bb | J8: 29.532 | K8: 7953 | L8: 22007 | M8: 469.765 | N8: 2232 | O8: 1363.376 | P8: 3.563
A9: 2 | B9: 2 | C9: 250513_gamme2 | E9: 12.19 | F9: Standard | G9: 110 | H9: 12 | I9: bb | J9: 123.2455 | K9: 22413 | L9: 23996 | M9: 1214.191 | N9: 6531 | O9: 2329.079 | P9: 3.432
A10: 3 | B10: 3 | C10: 250513_gamme3 | E10: 12.19 | F10: Standard | G10: 200 | H10: -0.3 | I10: bb | J10: 199.4633 | K10: 41612 | L10: 29668 | M10: 1823.342 | N10: 11799 | O10: 2137.24 | P10: 3.527
A11: 4 | B11: 4 | C11: 250513_gamme4 | E11: 12.19 | F11: Standard | G11: 540 | H11: -6.3 | I11: bb | J11: 505.779 | K11: 114116 | L11: 34460 | M11: 4305 | N11: 33016 | O11: 10887.142 | P11: 3.456
A12: 5 | B12: 5 | C12: 250513_gamme5 | E12: 12.18 | F12: Standard | G12: 1000 | H12: -10.8 | I12: bb | J12: 891.9112 | K12: 184788 | L12: 31988 | M12: 7509.768 | N12: 53669 | O12: 24798.243 | P12: 3.443
A13: 6 | B13: 6 | C13: 250513_gamme6 | E13: 12.18 | F13: Standard | G13: 2000 | H13: -15.3 | I13: bb | J13: 1694.826 | K13: 370955 | L13: 33381 | M13: 14446.715 | N13: 106752 | O13: 34984.546 | P13: 3.475
A14: 7 | B14: 7 | C14: 250513_gamme7 | E14: 12.16 | F14: Standard | G14: 4000 | H14: -5.6 | I14: bb | J14: 3776.474 | K14: 1231391 | L14: 46878 | M14: 34148.747 | N14: 348038 | O14: 33692.947 | P14: 3.538
A15: 26 | B15: 26 | C15: 250513_gamme2fin | E15: 12.16 | F15: Standard | G15: 110 | H15: 3.2 | I15: bb | J15: 113.5442 | K15: 20579 | L15: 23531 | M15: 1136.895 | N15: 5990 | O15: 3958.895 | P15: 3.435
A16: 27 | B16: 27 | C16: 250513_gamme4fin | E16: 12.15 | F16: Standard | G16: 540 | H16: 14 | I16: bb | J16: 615.3867 | K16: 104237 | L16: 26029 | M16: 5206.04 | N16: 30429 | O16: 16404.636 | P16: 3.426
A17: 28 | B17: 28 | C17: 250513_gamme5fin | E17: 12.15 | F17: Standard | G17: 1000 | H17: 26.7 | I17: bb | J17: 1267.1928 | K17: 184985 | L17: 22462 | M17: 10706.195 | N17: 53556 | O17: 10769.268 | P17: 3.454
A18: 29 | B18: 29 | C18: 250513_gamme7fin | E18: 12.16 | F18: Standard | G18: 4000 | H18: 7.9 | I18: bb | J18: 4315.0619 | K18: 810981 | L18: 26590 | M18: 39649.865 | N18: 236615 | O18: 61756.888 | P18: 3.427
A19: 8 | B19: 8 | C19: 250513_meoh1 | E19: 12.16 | I19: bb | K19: 589 | N19: 167 | O19: 38.033 | P19: 3.515
A20: 9 | B20: 9 | C20: 250513_blanc2 | E20: 12.16 | I20: bb | K20: 198 | N20: 46 | O20: 12.592 | P20: 4.266
A21: 10 | B21: 10 | C21: 250513_blanc3
A22: 11 | B22: 11 | C22: 250513_blanc4_d | L22: 36706 | R22: prise d'essai (g) | S22: quantité extrait (ng) | T22: µg/kg | U22: RDT SI %
A23: 12 | B23: 12 | C23: 250513_epx_J0_1 | E23: 12.16 | I23: bbI | K23: 135 | L23: 3434 | M23: 3.943 | N23: 34 | O23: 7.421 | P23: 4.023 | R23: 4.8419 | S23: =(J23*200*20/1000)*9/8 -> 0 | T23: =(S23*1000/R23)/1000 -> 0 | U23: =100+H56 -> 153
A24: 13 | B24: 13 | C24: 250513_epx_J0_2 | E24: 12.16 | I24: bbI | K24: 185 | L24: 3370 | M24: 5.485 | N24: 74 | O24: 72.497 | P24: 2.486 | R24: 4.8069 | S24: =(J24*200*20/1000)*9/8 -> 0 | T24: =(S24*1000/R24)/1000 -> 0 | U24: =100+H57 -> 150.1
A25: 14 | B25: 14 | C25: 250513_epx_J7_1 | E25: 12.16 | I25: MMI | K25: 62 | L25: 3145 | M25: 1.976 | O25: 24.755 | R25: 5.0617 | S25: =(J25*200*20/1000)*9/8 -> 0 | T25: =(S25*1000/R25)/1000 -> 0 | U25: =100+H58 -> 140.1
A26: 15 | B26: 15 | C26: 250513_epx_J14_3 | E26: 12.16 | I26: MMI | K26: 74 | L26: 2838 | M26: 2.596 | O26: 18.458 | R26: 4.8476 | S26: =(J26*200*20/1000)*9/8 -> 0 | T26: =(S26*1000/R26)/1000 -> 0 | U26: =100+H59 -> 126.4
A27: 16 | B27: 16 | C27: 250513_epx_J21_1 | E27: 12.16 | I27: MMI | K27: 93 | L27: 2828 | M27: 3.298 | O27: 11.263 | R27: 5.1044 | S27: =(J27*200*20/1000)*9/8 -> 0 | T27: =(S27*1000/R27)/1000 -> 0 | U27: =100+H60 -> 126
A28: 17 | B28: 17 | C28: 250513_imd_J0_1 | E28: 12.16 | I28: MMI | K28: 68 | L28: 2567 | M28: 2.632 | O28: 5.446 | R28: 4.906 | S28: =(J28*200*20/1000)*9/8 -> 0 | T28: =(S28*1000/R28)/1000 -> 0 | U28: =100+H61 -> 114.4
A29: 18 | B29: 18 | C29: 250513_imd_J0_2 | E29: 12.16 | I29: bbI | K29: 106 | L29: 2319 | M29: 4.561 | O29: 11.3 | R29: 4.9728 | S29: =(J29*200*20/1000)*9/8 -> 0 | T29: =(S29*1000/R29)/1000 -> 0 | U29: =100+H62 -> 103.3
A30: 19 | B30: 19 | C30: 250513_imd_J7_1 | E30: 12.16 | I30: MMI | K30: 51 | L30: 2232 | M30: 2.3 | O30: 4.754 | R30: 4.9158 | S30: =(J30*200*20/1000)*9/8 -> 0 | T30: =(S30*1000/R30)/1000 -> 0 | U30: =100+H63 -> 99.4
A31: 20 | B31: 20 | C31: 250513_imd_J14_3 | E31: 12.16 | I31: MMI | K31: 59 | L31: 2052 | M31: 2.869 | O31: 22.648 | R31: 5.1893 | S31: =(J31*200*20/1000)*9/8 -> 0 | T31: =(S31*1000/R31)/1000 -> 0 | U31: =100+H64 -> 91.4
A32: 21 | B32: 21 | C32: 250513_imd_J21_1 | E32: 12.16 | I32: MMI | K32: 77 | L32: 2254 | M32: 3.426 | O32: 10.099 | R32: 4.9038 | S32: =(J32*200*20/1000)*9/8 -> 0 | T32: =(S32*1000/R32)/1000 -> 0 | U32: =100+H65 -> 100.4
A33: 22 | B33: 22 | C33: 250513_meoh2
A34: 23 | B34: 23 | C34: 250513_blanc5
A35: 24 | B35: 24 | C35: 250513_blanc6
A36: 25 | B36: 25 | C36: 250513_blanc7d | L36: 24253
A38: Compound 2: Diflufenican-d3
B40: # | C40: Name | D40: Sample Text | E40: RT | F40: Type | G40: Std, Conc | H40: %Dev | I40: Primary Flags | J40: ng/l | K40: Area | L40: IS Area | M40: Response | N40: 1ｺ Area | O40: S/N | P40: 1ｺ Ratio (Actual)
A41: 1 | B41: 1 | C41: 250513_gamme1_4 | E41: 12.18 | F41: Standard | G41: 1300 | H41: -24.6 | I41: bb | J41: 980.4237 | K41: 22007 | M41: 22007.471 | O41: 4900.652
A42: 2 | B42: 2 | C42: 250513_gamme2 | E42: 12.18 | F42: Standard | G42: 1300 | H42: -17.8 | I42: bb | J42: 1069.034 | K42: 23996 | M42: 23996.496 | O42: 2118.949
A43: 3 | B43: 3 | C43: 250513_gamme3 | E43: 12.17 | F43: Standard | G43: 1300 | H43: 1.7 | I43: bb | J43: 1321.7146 | K43: 29668 | M43: 29668.393 | O43: 4322.856
A44: 4 | B44: 4 | C44: 250513_gamme4 | E44: 12.17 | F44: Standard | G44: 1300 | H44: 18.1 | I44: bb | J44: 1535.1859 | K44: 34460 | M44: 34460.16 | O44: 3411.255
A45: 5 | B45: 5 | C45: 250513_gamme5 | E45: 12.17 | F45: Standard | G45: 1300 | H45: 9.6 | I45: bb | J45: 1425.0609 | K45: 31988 | M45: 31988.197 | O45: 3627.192
A46: 6 | B46: 6 | C46: 250513_gamme6 | E46: 12.17 | F46: Standard | G46: 1300 | H46: 14.4 | I46: bb | J46: 1487.0951 | K46: 33381 | M46: 33380.672 | O46: 2791.618
A47: 7 | B47: 7 | C47: 250513_gamme7 | E47: 12.14 | F47: Standard | G47: 1300 | H47: 60.6 | I47: bb | J47: 2088.3744 | K47: 46878 | M47: 46877.527 | O47: 8213.859
A48: 26 | B48: 26 | C48: 250513_gamme2fin | E48: 12.14 | F48: Standard | G48: 1300 | H48: -19.4 | I48: bb | J48: 1048.3092 | K48: 23531 | M48: 23531.289 | O48: 13269.377
A49: 27 | B49: 27 | C49: 250513_gamme4fin | E49: 12.14 | F49: Standard | G49: 1300 | H49: -10.8 | I49: bb | J49: 1159.5824 | K49: 26029 | M49: 26029.027 | O49: 916.179
A50: 28 | B50: 28 | C50: 250513_gamme5fin | E50: 12.14 | F50: Standard | G50: 1300 | H50: -23 | I50: bb | J50: 1000.663 | K50: 22462 | M50: 22461.779 | O50: 4695.455
A51: 29 | B51: 29 | C51: 250513_gamme7fin | E51: 12.14 | F51: Standard | G51: 1300 | H51: -8.9 | I51: bb | J51: 1184.5567 | K51: 26590 | M51: 26589.623 | O51: 9448.674
A52: 8 | B52: 8 | C52: 250513_meoh1
A53: 9 | B53: 9 | C53: 250513_blanc2
A54: 10 | B54: 10 | C54: 250513_blanc3
A55: 11 | B55: 11 | C55: 250513_blanc4_d | E55: 12.14 | G55: 1300 | H55: 25.8 | I55: bb | J55: 1635.2451 | K55: 36706 | M55: 36706.18 | O55: 3661.843
A56: 12 | B56: 12 | C56: 250513_epx_J0_1 | E56: 12.14 | G56: 100 | H56: 53 | I56: bb | J56: 152.9774 | K56: 3434 | M56: 3433.867 | O56: 1507.038
A57: 13 | B57: 13 | C57: 250513_epx_J0_2 | E57: 12.14 | G57: 100 | H57: 50.1 | I57: bb | J57: 150.1426 | K57: 3370 | M57: 3370.236 | O57: 414.466
A58: 14 | B58: 14 | C58: 250513_epx_J7_1 | E58: 12.15 | G58: 100 | H58: 40.1 | I58: bb | J58: 140.0916 | K58: 3145 | M58: 3144.621 | O58: 1255.417
A59: 15 | B59: 15 | C59: 250513_epx_J14_3 | E59: 12.15 | G59: 100 | H59: 26.4 | I59: bb | J59: 126.4381 | K59: 2838 | M59: 2838.142 | O59: 1096.972
A60: 16 | B60: 16 | C60: 250513_epx_J21_1 | E60: 12.15 | G60: 100 | H60: 26 | I60: bb | J60: 125.9721 | K60: 2828 | M60: 2827.682 | O60: 418.135
A61: 17 | B61: 17 | C61: 250513_imd_J0_1 | E61: 12.15 | G61: 100 | H61: 14.4 | I61: MM | J61: 114.3584 | K61: 2567 | M61: 2566.991 | O61: 519.759
A62: 18 | B62: 18 | C62: 250513_imd_J0_2 | E62: 12.15 | G62: 100 | H62: 3.3 | I62: MM | J62: 103.3314 | K62: 2319 | M62: 2319.47 | O62: 1040.728
A63: 19 | B63: 19 | C63: 250513_imd_J7_1 | E63: 12.14 | G63: 100 | H63: -0.6 | I63: MM | J63: 99.4465 | K63: 2232 | M63: 2232.266 | O63: 130.475
A64: 20 | B64: 20 | C64: 250513_imd_J14_3 | E64: 12.15 | G64: 100 | H64: -8.6 | I64: MM | J64: 91.4207 | K64: 2052 | M64: 2052.112 | O64: 721.884
A65: 21 | B65: 21 | C65: 250513_imd_J21_1 | E65: 12.15 | G65: 100 | H65: 0.4 | I65: MM | J65: 100.403 | K65: 2254 | M65: 2253.736 | O65: 796.511
A66: 22 | B66: 22 | C66: 250513_meoh2
A67: 23 | B67: 23 | C67: 250513_blanc5
A68: 24 | B68: 24 | C68: 250513_blanc6
A69: 25 | B69: 25 | C69: 250513_blanc7d | E69: 12.14 | I69: bb | J69: 1080.475 | K69: 24253 | M69: 24253.311 | O69: 3220.678
A71: Compound 3: epoxiconazole
B73: # | C73: Name | D73: Sample Text | E73: RT | F73: Type | G73: Std, Conc | H73: %Dev | I73: Primary Flags | J73: ng/l | K73: Area | L73: IS Area | M73: Response | N73: 1ｺ Area | O73: S/N | P73: 1ｺ Ratio (Actual)
A74: 1 | B74: 1 | C74: 250513_gamme1_4 | E74: 10.18 | F74: Standard | G74: 40 | H74: -2.4 | I74: bb | J74: 39.0236 | K74: 33065 | L74: 1100890 | M74: 39.046 | N74: 12256 | O74: 2731.297 | P74: 2.698
A75: 2 | B75: 2 | C75: 250513_gamme2 | E75: 10.18 | F75: Standard | G75: 110 | H75: 1.5 | I75: bb | J75: 111.6855 | K75: 95668 | L75: 1133144 | M75: 109.755 | N75: 33827 | O75: 11306.791 | P75: 2.828
A76: 3 | B76: 3 | C76: 250513_gamme3 | E76: 10.18 | F76: Standard | G76: 200 | H76: 1 | I76: bb | J76: 202.0322 | K76: 188593 | L76: 1241992 | M76: 197.402 | N76: 64821 | O76: 13604.508 | P76: 2.909
A77: 4 | B77: 4 | C77: 250513_gamme4 | E77: 10.18 | F77: Standard | G77: 540 | H77: -4.1 | I77: bb | J77: 518.0417 | K77: 506748 | L77: 1313382 | M77: 501.585 | N77: 177566 | O77: 31797.553 | P77: 2.854
A78: 5 | B78: 5 | C78: 250513_gamme5 | E78: 10.18 | F78: Standard | G78: 1000 | H78: 0.7 | I78: bb | J78: 1006.7083 | K78: 975491 | L78: 1314576 | M78: 964.675 | N78: 335404 | O78: 65599.519 | P78: 2.908
A79: 6 | B79: 6 | C79: 250513_gamme6 | E79: 10.18 | F79: Standard | G79: 2000 | H79: 1.3 | I79: bb | J79: 2025.7825 | K79: 1892687 | L79: 1293683 | M79: 1901.929 | N79: 657244 | O79: 89648.348 | P79: 2.88
A80: 7 | B80: 7 | C80: 250513_gamme7 | E80: 10.15 | F80: Standard | G80: 4000 | H80: 0.9 | I80: bb | J80: 4034.3681 | K80: 5296017 | L80: 1893246 | M80: 3636.518 | N80: 1875508 | O80: 828838.41 | P80: 2.824
A81: 26 | B81: 26 | C81: 250513_gamme2fin | E81: 10.15 | F81: Standard | G81: 110 | H81: 4.1 | I81: bb | J81: 114.4766 | K81: 96814 | L81: 1119061 | M81: 112.467 | N81: 34507 | O81: 7358.571 | P81: 2.806
A82: 27 | B82: 27 | C82: 250513_gamme4fin | E82: 10.15 | F82: Standard | G82: 540 | H82: -2.8 | I82: bb | J82: 524.8035 | K82: 448211 | L82: 1146878 | M82: 508.053 | N82: 155718 | O82: 62411.533 | P82: 2.878
A83: 28 | B83: 28 | C83: 250513_gamme5fin | E83: 10.15 | F83: Standard | G83: 1000 | H83: 1.1 | I83: bb | J83: 1010.8526 | K83: 788311 | L83: 1058066 | M83: 968.565 | N83: 275383 | O83: 67214.148 | P83: 2.863
A84: 29 | B84: 29 | C84: 250513_gamme7fin | E84: 10.15 | F84: Standard | G84: 4000 | H84: -1.2 | I84: bb | J84: 3952.1806 | K84: 2861226 | L84: 1042348 | M84: 3568.477 | N84: 1007900 | O84: 168883.22 | P84: 2.839
A85: 8 | B85: 8 | C85: 250513_meoh1 | E85: 10.15 | I85: bb | K85: 2799 | L85: 935 | N85: 932 | O85: 128.261 | P85: 3.003
A86: 9 | B86: 9 | C86: 250513_blanc2 | E86: 10.15 | I86: bb | K86: 1041 | L86: 422 | N86: 357 | O86: 141.929 | P86: 2.912
A87: 10 | B87: 10 | C87: 250513_blanc3 | E87: 10.15 | I87: MM | K87: 706 | L87: 300 | N87: 273 | O87: 58.726 | P87: 2.583
A88: 11 | B88: 11 | C88: 250513_blanc4_d | E88: 10.14 | I88: bbI | K88: 1145 | L88: 1728761 | M88: 0.861 | N88: 1745 | O88: 69.599 | P88: 0.656 | R88: prise d'essai (g) | S88: quantité extrait (ng) | T88: mg/kg | U88: RDT SI %
A89: 12 | B89: 12 | C89: 250513_epx_J0_1 | E89: 10.15 | I89: bb | J89: 832.9385 | K89: 1115543 | L89: 1392662 | M89: 801.015 | N89: 380047 | O89: 85229.481 | P89: 2.935 | R89: 4.8419 | S89: =(J89*200*20/1000)*9/8 -> 3748.2232 | T89: =(S89/R89)/1000 -> 0.7741224 | U89: =100+H122 -> 145.8
A90: 13 | B90: 13 | C90: 250513_epx_J0_2 | E90: 10.15 | I90: bb | J90: 1107.931 | K90: 1411787 | L90: 1332512 | M90: 1059.493 | N90: 487644 | O90: 91790.718 | P90: 2.895 | R90: 4.8069 | S90: =(J90*200*20/1000)*9/8 -> 4985.6895 | T90: =(S90/R90)/1000 -> 1.0371943 | U90: =100+H123 -> 139.5
A91: 14 | B91: 14 | C91: 250513_epx_J7_1 | E91: 10.15 | I91: bb | J91: 831.6608 | K91: 1069516 | L91: 1337218 | M91: 799.807 | N91: 370548 | O91: 78997.851 | P91: 2.886 | R91: 5.0617 | S91: =(J91*200*20/1000)*9/8 -> 3742.4736 | T91: =(S91/R91)/1000 -> 0.73937088 | U91: =100+H124 -> 140
A92: 15 | B92: 15 | C92: 250513_epx_J14_3 | E92: 10.16 | I92: bb | J92: 851.4951 | K92: 1046813 | L92: 1278870 | M92: 818.545 | N92: 362464 | O92: 43908.44 | P92: 2.888 | R92: 4.8476 | S92: =(J92*200*20/1000)*9/8 -> 3831.7279 | T92: =(S92/R92)/1000 -> 0.79043814 | U92: =100+H125 -> 133.9
A93: 16 | B93: 16 | C93: 250513_epx_J21_1 | E93: 10.15 | I93: bb | J93: 1060.8933 | K93: 1237817 | L93: 1218949 | M93: 1015.479 | N93: 425435 | O93: 81405.736 | P93: 2.909 | R93: 5.1044 | S93: =(J93*200*20/1000)*9/8 -> 4774.0198 | T93: =(S93/R93)/1000 -> 0.93527542 | U93: =100+H126 -> 127.6
A94: 17 | B94: 17 | C94: 250513_imd_J0_1 | E94: 10.15 | I94: bb | J94: 0.7862 | K94: 2027 | L94: 1153735 | M94: 1.757 | N94: 1604 | O94: 62.892 | P94: 1.264 | R94: 4.906 | S94: =(J94*200*20/1000)*9/8 -> 3.5379 | T94: =(S94/R94)/1000 -> 0.00072113738 | U94: =100+H127 -> 120.8
A95: 18 | B95: 18 | C95: 250513_imd_J0_2 | E95: 10.15 | I95: bbI | K95: 1005 | L95: 1096477 | M95: 0.916 | N95: 1206 | O95: 78.09 | P95: 0.833 | R95: 4.9728 | S95: =(J95*200*20/1000)*9/8 -> 0 | T95: =(S95/R95)/1000 -> 0 | U95: =100+H128 -> 114.8
A96: 19 | B96: 19 | C96: 250513_imd_J7_1 | E96: 10.15 | I96: MMI | K96: 913 | L96: 1045365 | M96: 0.873 | N96: 1233 | O96: 137.974 | P96: 0.741 | R96: 4.9158 | S96: =(J96*200*20/1000)*9/8 -> 0 | T96: =(S96/R96)/1000 -> 0 | U96: =100+H129 -> 109.5
A97: 20 | B97: 20 | C97: 250513_imd_J14_3 | E97: 10.15 | I97: MMI | K97: 847 | L97: 1012875 | M97: 0.836 | N97: 1223 | O97: 90.812 | P97: 0.692 | R97: 5.1893 | S97: =(J97*200*20/1000)*9/8 -> 0 | T97: =(S97/R97)/1000 -> 0 | U97: =100+H130 -> 106.1
A98: 21 | B98: 21 | C98: 250513_imd_J21_1 | E98: 10.15 | I98: MMI | K98: 767 | L98: 1043214 | M98: 0.735 | N98: 1119 | O98: 103.028 | P98: 0.685 | R98: 4.9038 | S98: =(J98*200*20/1000)*9/8 -> 0 | T98: =(S98/R98)/1000 -> 0 | U98: =100+H131 -> 109.2
A99: 22 | B99: 22 | C99: 250513_meoh2 | E99: 10.16 | I99: MM | K99: 499 | L99: 671 | N99: 182 | O99: 20.358 | P99: 2.743
A100: 23 | B100: 23 | C100: 250513_blanc5 | E100: 10.15 | I100: MM | K100: 267 | L100: 372 | N100: 110 | O100: 26.961 | P100: 2.443
A101: 24 | B101: 24 | C101: 250513_blanc6 | E101: 10.15 | I101: MM | K101: 257 | L101: 202 | N101: 109 | O101: 27.871 | P101: 2.353
A102: 25 | B102: 25 | C102: 250513_blanc7d | E102: 10.14 | I102: MM | K102: 645 | L102: 1185336 | N102: 1140 | O102: 35.785 | P102: 0.566
A104: Compound 4: epoxiconazole-d5
B106: # | C106: Name | D106: Sample Text | E106: RT | F106: Type | G106: Std, Conc | H106: %Dev | I106: Primary Flags | J106: ng/l | K106: Area | L106: IS Area | M106: Response | N106: 1ｺ Area | O106: S/N | P106: 1ｺ Ratio (Actual)
A107: 1 | B107: 1 | C107: 250513_gamme1_4 | E107: 10.16 | F107: Standard | G107: 1300 | H107: -11.3 | I107: bb | J107: 1152.6994 | K107: 1100890 | M107: 1100889.5 | O107: 65387.329
A108: 2 | B108: 2 | C108: 250513_gamme2 | E108: 10.16 | F108: Standard | G108: 1300 | H108: -8.7 | I108: bb | J108: 1186.4719 | K108: 1133144 | M108: 1133144 | O108: 30274.203
A109: 3 | B109: 3 | C109: 250513_gamme3 | E109: 10.16 | F109: Standard | G109: 1300 | H109: 0 | I109: bb | J109: 1300.4425 | K109: 1241992 | M109: 1241992 | O109: 85866.103
...

Sheet résultats
F1: Résultats mg/kg de sol sec
D2: analyse n°1 | E2: analyse n°2 | F2: réplicat analytique, r = 2
A3: Epoxiconazole | D3: mg/kg de sol sec | E3: mg/kg de sol sec | F3: moyenne | G3: ecart-type
B4: 0 | C4: J0-1 | D4: ='250505_these Lisa_sol_cinetique'!T99 -> 0.7862445 | E4: ='250513_these Lisa_sol_cinetique'!T89 -> 0.7741224 | F4: =AVERAGE(D4:E4) -> 0.78018345 | G4: =STDEV(D4:E4) -> 0.0085716189
B5: 0 | C5: J0-2 | D5: ='250505_these Lisa_sol_cinetique'!T100 -> 1.103139 | E5: ='250513_these Lisa_sol_cinetique'!T90 -> 1.0371943 | F5: =AVERAGE(D5:E5) -> 1.0701667 | G5: =STDEV(D5:E5) -> 0.046629912
B6: 7 | C6: J7-1 | D6: ='250505_these Lisa_sol_cinetique'!T98 -> 0.70956495 | E6: ='250513_these Lisa_sol_cinetique'!T91 -> 0.73937088 | F6: =AVERAGE(D6:E6) -> 0.72446792 | G6: =STDEV(D6:E6) -> 0.021075978
B7: 14 | C7: J14-3 | D7: ='250505_these Lisa_sol_cinetique'!T101 -> 2.8317843 | E7: ='250513_these Lisa_sol_cinetique'!T92 -> 0.79043814 | F7: =E7 -> 0.79043814 | H7: *valeur exclue
B8: 21 | C8: J21-1 | D8: ='250505_these Lisa_sol_cinetique'!T96 -> 0.79721955 | E8: ='250513_these Lisa_sol_cinetique'!T93 -> 0.93527542 | F8: =AVERAGE(D8:E8) -> 0.86624748 | G8: =STDEV(D8:E8) -> 0.097620241
A10: Imdidacloprid | D10: mg/kg de sol sec | E10: mg/kg de sol sec
B11: 0 | C11: J0-1 | D11: ='250505_these Lisa_sol_cinetique'!T179 -> 0.085987935 | E11: ='250513_these Lisa_sol_cinetique'!T160 -> 0.092945271 | F11: =AVERAGE(D11:E11) -> 0.089466603 | G11: =STDEV(D11:E11) -> 0.0049195795
B12: 0 | C12: J0-2 | D12: ='250505_these Lisa_sol_cinetique'!T180 -> 0.068928075 | E12: ='250513_these Lisa_sol_cinetique'!T161 -> 0.07508642 | F12: =AVERAGE(D12:E12) -> 0.072007248 | G12: =STDEV(D12:E12) -> 0.0043546076
B13: 7 | C13: J7-1 | D13: ='250505_these Lisa_sol_cinetique'!T178 -> 0.080937405 | E13: ='250513_these Lisa_sol_cinetique'!T162 -> 0.082436836 | F13: =AVERAGE(D13:E13) -> 0.081687121 | G13: =STDEV(D13:E13) -> 0.0010602581
B14: 14 | C14: J14-3 | D14: ='250505_these Lisa_sol_cinetique'!T177 -> 0.080495775 | E14: ='250513_these Lisa_sol_cinetique'!T163 -> 0.086859808 | F14: =AVERAGE(D14:E14) -> 0.083677791 | G14: =STDEV(D14:E14) -> 0.0045000507
B15: 21 | C15: J21-1 | D15: ='250505_these Lisa_sol_cinetique'!T176 -> 0.06950403 | E15: ='250513_these Lisa_sol_cinetique'!T164 -> 0.076818427 | F15: =AVERAGE(D15:E15) -> 0.073161228 | G15: =STDEV(D15:E15) -> 0.0051720594
