Workbook

Sheet facteur récupération
A1: Données | B1: Valeur
A2: extraction 1
A3: V acn ajouté ml | B3: 5
A4: V acn récupéré ml | B4: 3
A5: % récupéré | B5: =B4*100/B3 -> 60
A6: extraction 2
A7: V acn restant de 1 | B7: =B3-B4 -> 2
A8: V acn ajouté ml | B8: 5
A9: V acn récupéré | B9: 3
A10: % récupéré | B10: =((B3-B4)/B3)*B9*100/(B8+B7) -> 17.142857
A11: V extrait (1+2) ml | B11: =B9+B4 -> 6
A12: % récupéré e1 + e2 | B12: =B5+B10 -> 77.142857
A13: facteur de correction pour 100 % | B13: =100/B12 -> 1.2962963

Sheet 260212_these Lisa_VDT_MIX sprin
A1: Quantify Compound Summary Report
A3: Printed Mon Feb 16 08:16:02 2026
A5: Compound 1: epoxiconazole
B7: Name | C7: Sample Text | D7: RT | E7: Type | F7: Std , Conc | G7: %Dev | H7: Primary Flags | I7: ng/l | J7: Area | K7: IS Area | L7: Response | M7: 1ｺ Area | N7: S/N | O7: 1ｺ Ratio (Actual)
A8: 1 | B8: 260212_gamme_A_0 | D8: 10 ,20 | E8: Standard | F8: 0 ,250 | H8: bbXI | J8: 10428 | K8: 3962877 | L8: 0 ,48 | M8: 6402 | N8: 312 ,6 | O8: 1 ,63
A9: 2 | B9: 260212_gamme_A_1 | D9: 10 ,20 | E9: Standard | F9: 4 ,050 | G9: -15.1 | H9: bb | I9: 3.44 | J9: 122804 | K9: 3964507 | L9: 5 ,63 | M9: 29250 | N9: 2821 ,7 | O9: 4 ,20
A10: 3 | B10: 260212_gamme_A_1bis | D10: 10 ,19 | E10: Standard | F10: 4 ,050 | G10: -13.1 | H10: bb | I10: 3.519 | J10: 119693 | K10: 3793412 | L10: 5 ,73 | M10: 28296 | N10: 4153 ,7 | O10: 4 ,23
A11: 4 | B11: 260212_gamme_A_2 | D11: 10 ,20 | E11: Standard | F11: 14 ,170 | G11: -1.9 | H11: bb | I11: 13.894 | J11: 403030 | K11: 3747721 | L11: 19 ,54 | M11: 84280 | N11: 7567 ,5 | O11: 4 ,78
A12: 5 | B12: 260212_gamme_A_2bis | D12: 10 ,20 | E12: Standard | F12: 14 ,170 | G12: 0 | H12: bb | I12: 14.165 | J12: 405450 | K12: 3702092 | L12: 19 ,90 | M12: 84368 | N12: 7908 ,4 | O12: 4 ,81
A13: 6 | B13: 260212_gamme_A_3 | D13: 10 ,20 | E13: Standard | F13: 80 ,960 | G13: 7.6 | H13: bb | I13: 87.109 | J13: 2366355 | K13: 3690652 | L13: 116 ,48 | M13: 463431 | N13: 101827 ,1 | O13: 5 ,11
A14: 7 | B14: 260212_gamme_A_4 | D14: 10 ,20 | E14: Standard | F14: 161 ,920 | G14: 4.2 | H14: bb | I14: 168.646 | J14: 4639020 | K14: 3770916 | L14: 223 ,48 | M14: 917882 | N14: 86480 ,7 | O14: 5 ,05
A15: 8 | B15: 260212_gamme_A_5 | D15: 10 ,20 | E15: Standard | F15: 404 ,800 | G15: 3.1 | H15: bb | I15: 417.206 | J15: 11333257 | K15: 3788245 | L15: 543 ,47 | M15: 2235375 | N15: 175409 ,1 | O15: 5 ,07
A16: 9 | B16: 260212_gamme_A_6 | D16: 10 ,20 | E16: Standard | F16: 1012 ,000 | G16: -1 | H16: bb | I16: 1001.709 | J16: 25536964 | K16: 3684350 | L16: 1259 ,12 | M16: 5249654 | N16: 440210 ,9 | O16: 4 ,86
A17: 10 | B17: 260212_gamme_A_7 | D17: 10 ,20 | E17: Standard | F17: 3036 ,000 | G17: -3.4 | H17: bb | I17: 2932.869 | J17: 60506916 | K17: 3375659 | L17: 3256 ,16 | M17: 12992424 | N17: 5895260 ,1 | O17: 4 ,66
A18: 11 | B18: 260212_gamme_A_8 | D18: 10 ,20 | E18: Standard | F18: 5060 ,000 | G18: -0.3 | H18: bb | I18: 5047.146 | J18: 84528480 | K18: 3201933 | L18: 4795 ,68 | M18: 18900666 | N18: 1136140672 ,0 | O18: 4 ,47
A19: 67 | B19: 260212_gamme_B_0 | D19: 10 ,19 | E19: Standard | F19: 0 ,250 | H19: bbXI | J19: 17114 | K19: 3528144 | L19: 0 ,88 | M19: 6815 | N19: 308 ,6 | O19: 2 ,51
A20: 68 | B20: 260212_gamme_B_1 | D20: 10 ,19 | E20: Standard | F20: 4 ,050 | G20: -6.2 | H20: bb | I20: 3.8 | J20: 127316 | K20: 3787349 | L20: 6 ,11 | M20: 29290 | N20: 1229 ,3 | O20: 4 ,35
A21: 69 | B21: 260212_gamme_B_2 | D21: 10 ,20 | E21: Standard | F21: 14 ,170 | G21: 7 | H21: bb | I21: 15.163 | J21: 438778 | K21: 3755986 | L21: 21 ,22 | M21: 89621 | N21: 8565 ,8 | O21: 4 ,90
A22: 70 | B22: 260212_gamme_B_3 | D22: 10 ,20 | E22: Standard | F22: 80 ,960 | G22: 7.8 | H22: bb | I22: 87.289 | J22: 2502618 | K22: 3895255 | L22: 116 ,71 | M22: 489710 | N22: 53466 ,9 | O22: 5 ,11
A23: 71 | B23: 260212_gamme_B_4 | D23: 10 ,19 | E23: Standard | F23: 161 ,920 | G23: 5.7 | H23: bb | I23: 171.136 | J23: 4856061 | K23: 3890723 | L23: 226 ,73 | M23: 950011 | N23: 262467 ,7 | O23: 5 ,11
A24: 72 | B24: 260212_gamme_B_5 | D24: 10 ,20 | E24: Standard | F24: 404 ,800 | G24: 5.4 | H24: bb | I24: 426.507 | J24: 11849335 | K24: 3876625 | L24: 555 ,26 | M24: 2345549 | N24: 3700769 ,4 | O24: 5 ,05
A25: 73 | B25: 260212_gamme_B_6 | D25: 10 ,20 | E25: Standard | F25: 1012 ,000 | G25: -0.2 | H25: bb | I25: 1009.863 | J25: 26263158 | K25: 3760399 | L25: 1268 ,74 | M25: 5385184 | N25: 395978912 ,0 | O25: 4 ,88
A26: 74 | B26: 260212_gamme_B_7 | D26: 10 ,20 | E26: Standard | F26: 3036 ,000 | G26: -2.6 | H26: bb | I26: 2958.462 | J26: 60637492 | K26: 3359546 | L26: 3278 ,84 | M26: 12987904 | N26: 845784832 ,0 | O26: 4 ,67
A27: 75 | B27: 260212_gamme_B_8 | D27: 10 ,20 | E27: Standard | F27: 5060 ,000 | G27: 3.6 | H27: bb | I27: 5243.109 | J27: 82634952 | K27: 3060984 | L27: 4904 ,13 | M27: 18177202 | N27: 1105205376 ,0 | O27: 4 ,55
A28: 12 | B28: 260212_blanc_MeOH_1 | D28: 10 ,20 | H28: bb | J28: 42408 | K28: 1766 | M28: 9103 | N28: 1079 ,3 | O28: 4 ,66
A29: 13 | B29: 260212_blanc_MeOH_2 | D29: 10 ,20 | H29: bb | J29: 11709 | K29: 601 | M29: 2603 | N29: 304 ,6 | O29: 4 ,50
A30: 14 | B30: 260212_blanc_eau_1 | D30: 10 ,20 | H30: bb | J30: 9524 | K30: 543 | M30: 2126 | N30: 118 ,1 | O30: 4 ,48
A31: 15 | B31: 260212_blanc_eau_2 | D31: 10 ,19 | H31: bb | J31: 6335 | K31: 387 | M31: 1475 | N31: 213 ,5 | O31: 4 ,29 | Q31: dilution | R31: pe en g | S31: quantité ng | T31: ng/g de vdt
A32: 16 | B32: 260212_Si_vdt_dil | D32: 10 ,19 | H32: bb | J32: 6382 | K32: 5117799 | M32: 9052 | N32: 465 ,7 | O32: 0 ,70 | Q32: 60000
A33: 17 | B33: 260212_vdt_N01_lot_D | C33: tube 42 | D33: 10 ,20 | H33: bb | I33: 117.146 | J33: 3105247 | K33: 3614948 | L33: 156 ,01 | M33: 605159 | N33: 92261 ,8 | O33: 5 ,13 | Q33: 1 | R33: 0.2917 | S33: =((I33*Q33*1.5)/1000)*(6/0.1)*1.296 -> 13.663909 | T33: =S33/R33 -> 46.842336
A34: 18 | B34: 260212_vdt_N03_lot_E | C34: tube 43 | D34: 10 ,20 | H34: bb | I34: 59.16 | J34: 1602899 | K34: 3658883 | L34: 79 ,56 | M34: 314355 | N34: 6939 ,7 | O34: 5 ,10 | Q34: 1 | R34: 0.3077 | S34: =((I34*Q34*1.5)/1000)*(6/0.1)*1.296 -> 6.9004224 | T34: =S34/R34 -> 22.425812
A35: 19 | B35: 260212_vdt_I2_3_2_dil20 | C35: tube 40 | D35: 10 ,20 | H35: bb | I35: 17.047 | J35: 491431 | K35: 3761736 | L35: 23 ,73 | M35: 99980 | N35: 26264 ,4 | O35: 4 ,92 | Q35: 20 | R35: 0.2994 | S35: =((I35*Q35*1.5)/1000)*(6/0.1)*1.296 -> 39.767242 | T35: =S35/R35 -> 132.82312
A36: 20 | B36: 260212_vdt_I2_3_1_dil20 | C36: tube 39 | D36: 10 ,20 | H36: bb | I36: 15.143 | J36: 447381 | K36: 3833422 | L36: 21 ,20 | M36: 92445 | N36: 24902 ,5 | O36: 4 ,84 | Q36: 20 | R36: 0.2941 | S36: =((I36*Q36*1.5)/1000)*(6/0.1)*1.296 -> 35.32559 | T36: =S36/R36 -> 120.11421
A37: 21 | B37: 260212_vdt_I2_1_2_dil20 | C37: tube 38 | D37: 10 ,20 | H37: bb | I37: 34.975 | J37: 1050270 | K37: 4013217 | L37: 47 ,53 | M37: 207652 | N37: 23157 ,9 | O37: 5 ,06 | Q37: 20 | R37: 0.3064 | S37: =((I37*Q37*1.5)/1000)*(6/0.1)*1.296 -> 81.58968 | T37: =S37/R37 -> 266.28486
A38: 22 | B38: 260212_vdt_I2_1_1_dil20 | C38: tube 37 | D38: 10 ,20 | H38: bb | I38: 51.159 | J38: 1549979 | K38: 4081180 | L38: 68 ,98 | M38: 303470 | N38: 32887 ,0 | O38: 5 ,11 | Q38: 20 | R38: 0.295 | S38: =((I38*Q38*1.5)/1000)*(6/0.1)*1.296 -> 119.34372 | T38: =S38/R38 -> 404.55497
A39: 23 | B39: 260212_vdt_H2_3_2_dil20 | C39: tube 36 | D39: 10 ,20 | H39: bb | I39: 83.82 | J39: 2407979 | K39: 3899976 | L39: 112 ,14 | M39: 474271 | N39: 74799 ,0 | O39: 5 ,08 | Q39: 20 | R39: 0.3104 | S39: =((I39*Q39*1.5)/1000)*(6/0.1)*1.296 -> 195.5353 | T39: =S39/R39 -> 629.94619
A40: 24 | B40: 260212_vdt_H2_3_1_dil20 | C40: tube 35 | D40: 10 ,20 | H40: bb | I40: 110.944 | J40: 2987919 | K40: 3670140 | L40: 147 ,86 | M40: 582760 | N40: 271088 ,0 | O40: 5 ,13 | Q40: 20 | R40: 0.3104 | S40: =((I40*Q40*1.5)/1000)*(6/0.1)*1.296 -> 258.81016 | T40: =S40/R40 -> 833.79563
A41: 25 | B41: 260212_vdt_H2_1_2_dil20 | C41: tube 34 | D41: 10 ,20 | H41: bb | I41: 72.759 | J41: 2067102 | K41: 3848983 | L41: 97 ,54 | M41: 403568 | N41: 113351 ,5 | O41: 5 ,12 | Q41: 20 | R41: 0.3027 | S41: =((I41*Q41*1.5)/1000)*(6/0.1)*1.296 -> 169.7322 | T41: =S41/R41 -> 560.72744
A42: 26 | B42: 260212_vdt_H2_1_1_dil20 | C42: tube 33 | D42: 10 ,20 | H42: bb | I42: 83.726 | J42: 2404668 | K42: 3898925 | L42: 112 ,01 | M42: 469907 | N42: 389940 ,1 | O42: 5 ,12 | Q42: 20 | R42: 0.299 | S42: =((I42*Q42*1.5)/1000)*(6/0.1)*1.296 -> 195.31601 | T42: =S42/R42 -> 653.23081
A43: 27 | B43: 260212_vdt_G2_3_2_dil20 | C43: tube 32 | D43: 10 ,20 | H43: bb | I43: 1740.974 | J43: 40710988 | K43: 3537350 | L43: 2090 ,25 | M43: 8592478 | N43: 589271296 ,0 | O43: 4 ,74 | Q43: 20 | R43: 0.3001 | S43: =((I43*Q43*1.5)/1000)*(6/0.1)*1.296 -> 4061.3441 | T43: =S43/R43 -> 13533.303
A44: 28 | B44: 260212_vdt_G2_3_1_dil20 | C44: tube 31 | D44: 10 ,20 | H44: bb | I44: 2323.999 | J44: 50783632 | K44: 3432050 | L44: 2687 ,41 | M44: 10698666 | N44: 717671616 ,0 | O44: 4 ,75 | Q44: 20 | R44: 0.2936 | S44: =((I44*Q44*1.5)/1000)*(6/0.1)*1.296 -> 5421.4249 | T44: =S44/R44 -> 18465.344
... A55: 39 | B55: 260212_vdt_E5_3_2_dil100 | C55: tube 41 | D55: 10 ,20 | H55: bb | I55: 1134.035 | J55: 35917948 | K55: 922612 | L55: 1413 ,96 | M55: 7594381 | N55: 2041887 ,8 | O55: 4 ,73 | Q55: 100 | R55: 0.3169 | S55: =((I55*Q55*1.5)/1000)*(6/0.1)*1.296 -> 13227.384 | T55: =S55/R55 -> 41739.931
A56: 40 | B56: 260212_blanc_eau_3 | D56: 10 ,20 | H56: bb | J56: 30109 | K56: 1846 | M56: 6104 | N56: 2937 ,8 | O56: 4 ,93
A57: 41 | B57: 260212_blanc_eau_4 | D57: 10 ,20 | H57: bb | J57: 7851 | K57: 872 | M57: 1767 | N57: 751 ,3 | O57: 4 ,44
A58: 42 | B58: 260212_vdt_E5_3_2_dil20 | C58: tube 41 | D58: 10 ,20 | H58: bbIO | J58: 91759456 | K58: 2417559 | L58: 6893 ,46 | M58: 21523314 | N58: 1169233536 ,0 | O58: 4 ,26 | Q58: 20 | R58: 0.3169 | S58: =((I58*Q58*1.5)/1000)*(6/0.1)*1.296 -> 0 | T58: =S58/R58 -> 0
A59: 43 | B59: 260212_vdt_E2_3_2_non_dil | C59: tube 24 | D59: 10 ,20 | H59: bbIO | J59: 74059840 | K59: 25656948 | L59: 10485 ,16 | M59: 16609614 | N59: 1432365 ,8 | O59: 4 ,46 | Q59: 1 | R59: 0.3061 | S59: =((I59*Q59*1.5)/1000)*(6/0.1)*1.296 -> 0 | T59: =S59/R59 -> 0
A60: 44 | B60: 260212_vdt_E2_3_1_non_dil | C60: tube 23 | D60: 10 ,20 | H60: bbIO | J60: 69385608 | K60: 25808964 | L60: 9765 ,54 | M60: 15556188 | N60: 930305472 ,0 | O60: 4 ,46 | Q60: 1 | R60: 0.298 | S60: =((I60*Q60*1.5)/1000)*(6/0.1)*1.296 -> 0 | T60: =S60/R60 -> 0
A61: 45 | B61: 260212_vdt_E2_1_2_non_dil | C61: tube 22 | D61: 10 ,20 | H61: bbIO | J61: 49354884 | K61: 25451846 | L61: 7043 ,82 | M61: 10855615 | N61: 687935936 ,0 | O61: 4 ,55 | Q61: 1 | R61: 0.3168 | S61: =((I61*Q61*1.5)/1000)*(6/0.1)*1.296 -> 0 | T61: =S61/R61 -> 0
A62: 46 | B62: 260212_vdt_E2_1_1_non_dil | C62: tube 21 | D62: 10 ,20 | H62: bbIO | J62: 55923512 | K62: 25446148 | L62: 7983 ,06 | M62: 12384019 | N62: 1711501 ,6 | O62: 4 ,52 | Q62: 1 | R62: 0.3145 | S62: =((I62*Q62*1.5)/1000)*(6/0.1)*1.296 -> 0 | T62: =S62/R62 -> 0
A63: 47 | B63: 260212_vdt_F2_3_2_non_dil | C63: tube 28 | D63: 10 ,20 | H63: bbIO | J63: 48815888 | K63: 47137000 | L63: 7523 ,61 | M63: 10912890 | N63: 678670528 ,0 | O63: 4 ,47 | Q63: 1 | R63: 0.2977 | S63: =((I63*Q63*1.5)/1000)*(6/0.1)*1.296 -> 0 | T63: =S63/R63 -> 0
A64: 48 | B64: 260212_vdt_F2_3_1_non_dil | C64: tube 27 | D64: 10 ,20 | H64: bbIO | J64: 57512860 | K64: 25673806 | L64: 8137 ,14 | M64: 12768169 | N64: 789248448 ,0 | O64: 4 ,50 | Q64: 1 | R64: 0.3019 | S64: =((I64*Q64*1.5)/1000)*(6/0.1)*1.296 -> 0 | T64: =S64/R64 -> 0
A65: 49 | B65: 260212_vdt_F2_1_2_non_dil | C65: tube 26 | D65: 10 ,20 | H65: bb | I65: 6402.727 | J65: 45698736 | K65: 30587276 | L65: 5427 ,01 | M65: 9957244 | N65: 651308992 ,0 | O65: 4 ,59 | Q65: 1 | R65: 0.314 | S65: =((I65*Q65*1.5)/1000)*(6/0.1)*1.296 -> 746.81408 | T65: =S65/R65 -> 2378.3888
A66: 50 | B66: 260212_vdt_F2_1_1_non_dil | C66: tube 25 | D66: 10 ,20 | H66: bbIO | J66: 49365188 | K66: 27477638 | L66: 6525 ,87 | M66: 10838962 | N66: 695422976 ,0 | O66: 4 ,55 | Q66: 1 | R66: 0.2991 | S66: =((I66*Q66*1.5)/1000)*(6/0.1)*1.296 -> 0 | T66: =S66/R66 -> 0
A67: 51 | B67: 260212_vdt_G2_3_2_non_dil | C67: tube 32 | D67: 10 ,20 | H67: bbIO | J67: 139309968 | K67: 15516010 | L67: 32613 ,65 | M67: 43764864 | N67: 1247249280 ,0 | O67: 3 ,18 | Q67: 1 | R67: 0.3001 | S67: =((I67*Q67*1.5)/1000)*(6/0.1)*1.296 -> 0 | T67: =S67/R67 -> 0
A68: 52 | B68: 260212_vdt_G2_3_1_non_dil | C68: tube 31 | D68: 10 ,20 | H68: bbIO | J68: 144577296 | K68: 12855807 | L68: 40850 ,56 | M68: 46987220 | N68: 1244923520 ,0 | O68: 3 ,08 | Q68: 1 | R68: 0.2936 | S68: =((I68*Q68*1.5)/1000)*(6/0.1)*1.296 -> 0 | T68: =S68/R68 -> 0
A69: 53 | B69: 260212_vdt_G2_1_2_non_dil | C69: tube 30 | D69: 10 ,20 | H69: bb | I69: 4807.426 | J69: 34213532 | K69: 26697154 | L69: 4655 ,11 | M69: 7343790 | N69: 310696 ,0 | O69: 4 ,66 | Q69: 1 | R69: 0.3025 | S69: =((I69*Q69*1.5)/1000)*(6/0.1)*1.296 -> 560.73817 | T69: =S69/R69 -> 1853.6799
A70: 54 | B70: 260212_vdt_G2_1_1_non_dil | C70: tube 29 | D70: 10 ,20 | H70: bb | I70: 2599.237 | J70: 22382972 | K70: 55094540 | L70: 2951 ,46 | M70: 4933177 | N70: 324290240 ,0 | O70: 4 ,54 | Q70: 1 | R70: 0.3115 | S70: =((I70*Q70*1.5)/1000)*(6/0.1)*1.296 -> 303.175 | T70: =S70/R70 -> 973.27449
A71: 55 | B71: 260212_vdt_H2_3_2_non_dil | C71: tube 36 | D71: 10 ,20 | H71: bb | I71: 2126.848 | J71: 23137072 | K71: 33735848 | L71: 2491 ,23 | M71: 4959936 | N71: 335957504 ,0 | O71: 4 ,66 | Q71: 1 | R71: 0.3104 | S71: =((I71*Q71*1.5)/1000)*(6/0.1)*1.296 -> 248.07555 | T71: =S71/R71 -> 799.21247
A72: 56 | B72: 260212_vdt_H2_3_1_non_dil | C72: tube 35 | D72: 10 ,20 | H72: bb | I72: 2957.34 | J72: 29194036 | K72: 32352126 | L72: 3277 ,85 | M72: 6201278 | N72: 521800 ,2 | O72: 4 ,71 | Q72: 1 | R72: 0.3104 | S72: =((I72*Q72*1.5)/1000)*(6/0.1)*1.296 -> 344.94414 | T72: =S72/R72 -> 1111.2891
A73: 57 | B73: 260212_vdt_H2_1_2_non_dil | C73: tube 34 | D73: 10 ,20 | H73: bb | I73: 1808.555 | J73: 18629370 | K73: 31298216 | L73: 2162 ,10 | M73: 3976720 | N73: 1422082 ,0 | O73: 4 ,68 | Q73: 1 | R73: 0.3027 | S73: =((I73*Q73*1.5)/1000)*(6/0.1)*1.296 -> 210.94986 | T73: =S73/R73 -> 696.89414
A74: 58 | B74: 260212_vdt_H2_1_1_non_dil | C74: tube 33 | D74: 10 ,20 | H74: bb | I74: 2087.476 | J74: 25742294 | K74: 38145156 | L74: 2451 ,35 | M74: 5481015 | N74: 243993 ,4 | O74: 4 ,70 | Q74: 1 | R74: 0.299 | S74: =((I74*Q74*1.5)/1000)*(6/0.1)*1.296 -> 243.4832 | T74: =S74/R74 -> 814.32509
A75: 59 | B75: 260212_vdt_I2_3_2_non_dil | C75: tube 40 | D75: 10 ,20 | H75: bb | I75: 420.216 | J75: 5744002 | K75: 38123724 | L75: 547 ,29 | M75: 1346039 | N75: 103585 ,1 | O75: 4 ,27 | Q75: 1 | R75: 0.2994 | S75: =((I75*Q75*1.5)/1000)*(6/0.1)*1.296 -> 49.013994 | T75: =S75/R75 -> 163.7074
A76: 60 | B76: 260212_vdt_I2_3_1_non_dil | C76: tube 39 | D76: 10 ,20 | H76: bb | I76: 375.336 | J76: 5273342 | K76: 39074100 | L76: 490 ,22 | M76: 1246553 | N76: 58105 ,0 | O76: 4 ,23 | Q76: 1 | R76: 0.2941 | S76: =((I76*Q76*1.5)/1000)*(6/0.1)*1.296 -> 43.779191 | T76: =S76/R76 -> 148.85818
A77: 61 | B77: 260212_vdt_I2_1_2_non_dil | C77: tube 38 | D77: 10 ,20 | H77: bb | I77: 851.804 | J77: 11194723 | K77: 37634176 | L77: 1080 ,51 | M77: 2462111 | N77: 161021264 ,0 | O77: 4 ,55 | Q77: 1 | R77: 0.3064 | S77: =((I77*Q77*1.5)/1000)*(6/0.1)*1.296 -> 99.354419 | T77: =S77/R77 -> 324.26377
A78: 62 | B78: 260212_vdt_I2_1_1_non_dil | C78: tube 37 | D78: 10 ,20 | H78: bb | I78: 1258.458 | J78: 14074702 | K78: 32832794 | L78: 1557 ,14 | M78: 3074526 | N78: 203477920 ,0 | O78: 4 ,58 | Q78: 1 | R78: 0.295 | S78: =((I78*Q78*1.5)/1000)*(6/0.1)*1.296 -> 146.78654 | T78: =S78/R78 -> 497.5815
A79: 63 | B79: 260212_blanc_MeOH_3 | D79: 10 ,20 | H79: bb | J79: 17653 | K79: 26150 | M79: 4032 | N79: 543 ,3 | O79: 4 ,38
A80: 64 | B80: 260212_blanc_MeOH_4 | D80: 10 ,20 | H80: bb | J80: 11407 | K80: 10375 | M80: 2452 | N80: 62 ,9 | O80: 4 ,65
A81: 65 | B81: 260212_blanc_eau_5 | D81: 10 ,20 | H81: bb | J81: 11026 | K81: 9256 | M81: 2454 | N81: 204 ,2 | O81: 4 ,49
A82: 66 | B82: 260212_blanc_eau_6 | D82: 10 ,20 | H82: bb | J82: 9415 | K82: 6609 | M82: 2318 | N82: 220 ,5 | O82: 4 ,06
A84: Compound 2: epoxiconazole-d5
B86: Name | C86: Sample Text | D86: RT | E86: Type | F86: Std , Conc | G86: %Dev | H86: Primary Flags | I86: ng/l | J86: Area | K86: IS Area | L86: Response | M86: 1ｺ Area | N86: S/N | O86: 1ｺ Ratio (Actual)
A87: 1 | B87: 260212_gamme_A_0 | D87: 10 ,17 | E87: Standard | F87: 181 ,660 | G87: 7.7 | H87: bb | I87: 195.631 | J87: 3962877 | L87: 3962876 ,50 | N87: 221926 ,9
A88: 2 | B88: 260212_gamme_A_1 | D88: 10 ,17 | E88: Standard | F88: 181 ,660 | G88: 7.7 | H88: bb | I88: 195.711 | J88: 3964507 | L88: 3964507 ,25 | N88: 175383 ,2
A89: 3 | B89: 260212_gamme_A_1bis | D89: 10 ,17 | E89: Standard | F89: 181 ,660 | G89: 3.1 | H89: bb | I89: 187.265 | J89: 3793412 | L89: 3793411 ,75 | N89: 345574 ,9
A90: 4 | B90: 260212_gamme_A_2 | D90: 10 ,17 | E90: Standard | F90: 181 ,660 | G90: 1.8 | H90: bb | I90: 185.01 | J90: 3747721 | L90: 3747721 ,25 | N90: 98357 ,0
A91: 5 | B91: 260212_gamme_A_2bis | D91: 10 ,17 | E91: Standard | F91: 181 ,660 | G91: 0.6 | H91: bb | I91: 182.757 | J91: 3702092 | L91: 3702092 ,25 | N91: 302336 ,9
A92: 6 | B92: 260212_gamme_A_3 | D92: 10 ,17 | E92: Standard | F92: 181 ,660 | G92: 0.3 | H92: bb | I92: 182.192 | J92: 3690652 | L92: 3690651 ,75 | N92: 582187 ,4
A93: 7 | B93: 260212_gamme_A_4 | D93: 10 ,17 | E93: Standard | F93: 181 ,660 | G93: 2.5 | H93: bb | I93: 186.155 | J93: 3770916 | L93: 3770915 ,75 | N93: 184878 ,2
A94: 8 | B94: 260212_gamme_A_5 | D94: 10 ,17 | E94: Standard | F94: 181 ,660 | G94: 2.9 | H94: bb | I94: 187.01 | J94: 3788245 | L94: 3788244 ,50 | N94: 352107 ,5
A95: 9 | B95: 260212_gamme_A_6 | D95: 10 ,17 | E95: Standard | F95: 181 ,660 | G95: 0.1 | H95: bb | I95: 181.881 | J95: 3684350 | L95: 3684349 ,50 | N95: 104108 ,3
A96: 10 | B96: 260212_gamme_A_7 | D96: 10 ,17 | E96: Standard | F96: 181 ,660 | G96: -8.3 | H96: bb | I96: 166.642 | J96: 3375659 | L96: 3375659 ,25 | N96: 96277 ,4
A97: 11 | B97: 260212_gamme_A_8 | D97: 10 ,17 | E97: Standard | F97: 181 ,660 | G97: -13 | H97: bb | I97: 158.066 | J97: 3201933 | L97: 3201932 ,50 | N97: 45680796 ,0
A98: 67 | B98: 260212_gamme_B_0 | D98: 10 ,17 | E98: Standard | F98: 181 ,660 | G98: -4.1 | H98: bb | I98: 174.17 | J98: 3528144 | L98: 3528143 ,50 | N98: 28854 ,2
... A106: 75 | B106: 260212_gamme_B_8 | D106: 10 ,17 | E106: Standard | F106: 181 ,660 | G106: -16.8 | H106: bb | I106: 151.108 | J106: 3060984 | L106: 3060983 ,50 | N106: 159326 ,5
A107: 12 | B107: 260212_blanc_MeOH_1 | D107: 10 ,18 | H107: bb | I107: 0.087 | J107: 1766 | L107: 1765 ,63 | N107: 71 ,6
A108: 13 | B108: 260212_blanc_MeOH_2 | D108: 10 ,18 | H108: MM | I108: 0.03 | J108: 601 | L108: 601 ,15 | N108: 47 ,9
A109: 14 | B109: 260212_blanc_eau_1 | D109: 10 ,17 | H109: MM | I109: 0.027 | J109: 543 | L109: 543 ,24 | N109: 50 ,7
A110: 15 | B110: 260212_blanc_eau_2 | D110: 10 ,17 | H110: MM | I110: 0.019 | J110: 387 | L110: 387 ,50 | N110: 30 ,7 | Q110: dilution | R110: cc µl/l SI-std | S110: cc théorique | T110: rdt %
A111: 16 | B111: 260212_Si_vdt_dil | D111: 10 ,17 | H111: bb | I111: 252.645 | J111: 5117799 | L111: 5117799 ,00 | N111: 125684 ,0 | Q111: 60000 | R111: =I111*Q111/1000 -> 15158.7 | S111: 14126 | T111: =R111*100/S111 -> 107.31063
A112: 17 | B112: 260212_vdt_N01_lot_D | C112: tube 42 | D112: 10 ,17 | F112: 181 ,620 | G112: -1.7 | H112: bb | I112: 178.455 | J112: 3614948 | L112: 3614948 ,00 | N112: 161365 ,1 | T112: =100+G112 -> 98.3
A113: 18 | B113: 260212_vdt_N03_lot_E | C113: tube 43 | D113: 10 ,17 | F113: 181 ,620 | G113: -0.5 | H113: bb | I113: 180.624 | J113: 3658883 | L113: 3658882 ,50 | N113: 71222 ,4 | T113: =100+G113 -> 99.5
A114: 19 | B114: 260212_vdt_I2_3_2_dil20 | C114: tube 40 | D114: 10 ,17 | F114: 181 ,620 | G114: 2.2 | H114: bb | I114: 185.701 | J114: 3761736 | L114: 3761735 ,75 | N114: 165571 ,7 | T114: =100+G114 -> 102.2
A115: 20 | B115: 260212_vdt_I2_3_1_dil20 | C115: tube 39 | D115: 10 ,17 | F115: 181 ,620 | G115: 4.2 | H115: bb | I115: 189.24 | J115: 3833422 | L115: 3833421 ,50 | N115: 295828 ,7 | T115: =100+G115 -> 104.2
A116: 21 | B116: 260212_vdt_I2_1_2_dil20 | C116: tube 38 | D116: 10 ,17 | F116: 181 ,620 | G116: 9.1 | H116: bb | I116: 198.116 | J116: 4013217 | L116: 4013217 ,00 | N116: 174494 ,8 | T116: =100+G116 -> 109.1
A117: 22 | B117: 260212_vdt_I2_1_1_dil20 | C117: tube 37 | D117: 10 ,17 | F117: 181 ,620 | G117: 10.9 | H117: bb | I117: 201.471 | J117: 4081180 | L117: 4081179 ,50 | N117: 138808 ,0 | T117: =100+G117 -> 110.9
A118: 23 | B118: 260212_vdt_H2_3_2_dil20 | C118: tube 36 | D118: 10 ,17 | F118: 181 ,620 | G118: 6 | H118: bb | I118: 192.526 | J118: 3899976 | L118: 3899976 ,00 | N118: 62411412 ,0 | T118: =100+G118 -> 106
A119: 24 | B119: 260212_vdt_H2_3_1_dil20 | C119: tube 35 | D119: 10 ,17 | F119: 181 ,620 | G119: -0.2 | H119: bb | I119: 181.18 | J119: 3670140 | L119: 3670139 ,75 | N119: 123650 ,0 | T119: =100+G119 -> 99.8
A120: 25 | B120: 260212_vdt_H2_1_2_dil20 | C120: tube 34 | D120: 10 ,17 | F120: 181 ,620 | G120: 4.6 | H120: bb | I120: 190.008 | J120: 3848983 | L120: 3848983 ,25 | N120: 61080644 ,0 | T120: =100+G120 -> 104.6
A121: 26 | B121: 260212_vdt_H2_1_1_dil20 | C121: tube 33 | D121: 10 ,17 | F121: 181 ,620 | G121: 6 | H121: bb | I121: 192.474 | J121: 3898925 | L121: 3898924 ,75 | N121: 22242 ,5 | T121: =100+G121 -> 106
A122: 27 | B122: 260212_vdt_G2_3_2_dil20 | C122: tube 32 | D122: 10 ,17 | F122: 181 ,620 | G122: -3.9 | H122: bb | I122: 174.624 | J122: 3537350 | L122: 3537349 ,75 | N122: 110101 ,5 | T122: =100+G122 -> 96.1
...

Sheet résultats
B1: ng/g de vers de terre frais
B2: Epoxiconazole | C2: Imidaclopride
A3: vdt_N01_lot_D | B3: ='260212_these Lisa_VDT_MIX sprin'!T33 -> 46.842336 | C3: ='260212_these Lisa_VDT_MIX sprin'!T191 -> 4.1249854
A4: vdt_N03_lot_E | B4: ='260212_these Lisa_VDT_MIX sprin'!T34 -> 22.425812 | C4: ='260212_these Lisa_VDT_MIX sprin'!T192 -> 3.4544697
A6: vdt_I2_3_2 | B6: ='260212_these Lisa_VDT_MIX sprin'!T35 -> 132.82312 | C6: ='260212_these Lisa_VDT_MIX sprin'!T233 -> 506.18955
A7: vdt_I2_3_1 | B7: ='260212_these Lisa_VDT_MIX sprin'!T36 -> 120.11421 | C7: ='260212_these Lisa_VDT_MIX sprin'!T234 -> 558.14441
A8: vdt_I2_1_2 | B8: ='260212_these Lisa_VDT_MIX sprin'!T37 -> 266.28486 | C8: ='260212_these Lisa_VDT_MIX sprin'!T235 -> 482.37112
A9: vdt_I2_1_1 | B9: ='260212_these Lisa_VDT_MIX sprin'!T38 -> 404.55497 | C9: ='260212_these Lisa_VDT_MIX sprin'!T236 -> 452.06422
A11: vdt_H2_3_2 | B11: ='260212_these Lisa_VDT_MIX sprin'!T39 -> 629.94619 | C11: ='260212_these Lisa_VDT_MIX sprin'!T229 -> 468.05896
A12: vdt_H2_3_1 | B12: ='260212_these Lisa_VDT_MIX sprin'!T40 -> 833.79563 | C12: ='260212_these Lisa_VDT_MIX sprin'!T230 -> 541.07244
A13: vdt_H2_1_2 | B13: ='260212_these Lisa_VDT_MIX sprin'!T41 -> 560.72744 | C13: ='260212_these Lisa_VDT_MIX sprin'!T231 -> 283.47104
A14: vdt_H2_1_1 | B14: ='260212_these Lisa_VDT_MIX sprin'!T42 -> 653.23081 | C14: ='260212_these Lisa_VDT_MIX sprin'!T232 -> 327.80014
A16: vdt_G2_3_2 | B16: ='260212_these Lisa_VDT_MIX sprin'!T43 -> 13533.303 | C16: ='260212_these Lisa_VDT_MIX sprin'!T225 -> 326.86174
A17: vdt_G2_3_1 | B17: ='260212_these Lisa_VDT_MIX sprin'!T44 -> 18465.344 | C17: ='260212_these Lisa_VDT_MIX sprin'!T226 -> 310.08959
A18: vdt_G2_1_2 | B18: ='260212_these Lisa_VDT_MIX sprin'!T45 -> 1219.958 | C18: ='260212_these Lisa_VDT_MIX sprin'!T227 -> 330.50956
A19: vdt_G2_1_1 | B19: ='260212_these Lisa_VDT_MIX sprin'!T46 -> 681.62694 | C19: ='260212_these Lisa_VDT_MIX sprin'!T228 -> 244.66803
A21: vdt_F2_3_2 | B21: ='260212_these Lisa_VDT_MIX sprin'!T47 -> 1938.0576 | C21: ='260212_these Lisa_VDT_MIX sprin'!T221 -> 155.68325
A22: vdt_F2_3_1 | B22: ='260212_these Lisa_VDT_MIX sprin'!T48 -> 2168.2445 | C22: ='260212_these Lisa_VDT_MIX sprin'!T222 -> 155.72116
A23: vdt_F2_1_2 | B23: ='260212_these Lisa_VDT_MIX sprin'!T49 -> 1415.1552 | C23: ='260212_these Lisa_VDT_MIX sprin'!T223 -> 159.76448
A24: vdt_F2_1_1 | B24: ='260212_these Lisa_VDT_MIX sprin'!T50 -> 1755.8317 | C24: ='260212_these Lisa_VDT_MIX sprin'!T224 -> 159.54956
A26: vdt_E2_3_2 | B26: ='260212_these Lisa_VDT_MIX sprin'!T51 -> 2859.0937 | C26: ='260212_these Lisa_VDT_MIX sprin'!T217 -> 3.4146065
A27: vdt_E2_3_1 | B27: ='260212_these Lisa_VDT_MIX sprin'!T52 -> 2730.0492 | C27: ='260212_these Lisa_VDT_MIX sprin'!T218 -> 3.3258056
A28: vdt_E2_1_2 | B28: ='260212_these Lisa_VDT_MIX sprin'!T53 -> 1761.5806 | C28: ='260212_these Lisa_VDT_MIX sprin'!T219 -> 19.307823
A29: vdt_E2_1_1 | B29: ='260212_these Lisa_VDT_MIX sprin'!T54 -> 2061.7131 | C29: ='260212_these Lisa_VDT_MIX sprin'!T220 -> 23.603189
A31: vdt_E5_3_2 | B31: ='260212_these Lisa_VDT_MIX sprin'!T55 -> 41739.931 | C31: ='260212_these Lisa_VDT_MIX sprin'!T216 -> 4.0339994
