Workbook

Sheet facteur récupération
A1: Données | B1: Valeur
A2: extraction 1
A3: V acn ajouté ml | B3: 5
A4: V acn récupéré ml | B4: 3
A5: % récupéré | B5: =B4*100/B3 -> 60
A6: extraction 2
A7: V acn restant de 1 | B7: =B3-B4 -> 2
A8: V acn ajouté ml | B8: 5
A9: V acn récupéré | B9: 3
A10: % récupéré | B10: =((B3-B4)/B3)*B9*100/(B8+B7) -> 17.142857
A11: V extrait (1+2) ml | B11: =B9+B4 -> 6
A12: % récupéré e1 + e2 | B12: =B5+B10 -> 77.142857
A13: facteur de correction pour 100 % | B13: =100/B12 -> 1.2962963

Sheet 260210_tese Lisa_vdt_TKbis
A1: Quantify Compound Summary Report
A3: Printed Wed Feb 11 14:03:40 2026
A5: Compound 1: epoxiconazole
B7: Name | C7: Sample Text | D7: RT | E7: Type | F7: Std, Conc | G7: %Dev | H7: Primary Flags | I7: ng/l | J7: Area | K7: IS Area | L7: Response | M7: 1ｺ Area | N7: S/N | O7: 1ｺ Ratio (Actual)
A8: 1 | B8: 260210_gamme_A_1 | D8: 10.19 | E8: Standard | F8: 4.05 | G8: -0.9 | H8: bb | I8: 4.014 | J8: 102350 | K8: 3165509 | L8: 5.87 | M8: 23534 | N8: 3108.5 | O8: 4.35
A9: 2 | B9: 260210_gamme_A_1bis | D9: 10.19 | E9: Standard | F9: 4.05 | G9: -0.7 | H9: bb | I9: 4.021 | J9: 100124 | K9: 3090725 | L9: 5.88 | M9: 23033 | N9: 2934.9 | O9: 4.35
A10: 3 | B10: 260210_gamme_A_2 | D10: 10.19 | E10: Standard | F10: 14.17 | G10: -6.2 | H10: bb | I10: 13.297 | J10: 346750 | K10: 3127273 | L10: 20.14 | M10: 73109 | N10: 6659 | O10: 4.74
A11: 4 | B11: 260210_gamme_A_2bis | D11: 10.19 | E11: Standard | F11: 14.17 | G11: -5.3 | H11: bb | I11: 13.413 | J11: 342950 | K11: 3065920 | L11: 20.32 | M11: 72428 | N11: 29573.9 | O11: 4.74
A12: 5 | B12: 260210_gamme_A_3 | D12: 10.19 | E12: Standard | F12: 80.96 | G12: -6 | H12: bb | I12: 76.103 | J12: 1945709 | K12: 3057340 | L12: 115.61 | M12: 394252 | N12: 106029.8 | O12: 4.94
A13: 6 | B13: 260210_gamme_A_4 | D13: 10.19 | E13: Standard | F13: 161.92 | G13: 2.3 | H13: bb | I13: 165.571 | J13: 3977777 | K13: 2909259 | L13: 248.38 | M13: 808082 | N13: 71977.8 | O13: 4.92
A14: 7 | B14: 260210_gamme_A_5 | D14: 10.19 | E14: Standard | F14: 404.8 | G14: -0.5 | H14: bb | I14: 402.64 | J14: 9664033 | K14: 3017027 | L14: 581.89 | M14: 1964989 | N14: 424902 | O14: 4.92
A15: 8 | B15: 260210_gamme_A_6 | D15: 10.2 | E15: Standard | F15: 1012 | G15: 2.5 | H15: bbX | I15: 1037.51 | J15: 22871402 | K15: 3091126 | L15: 1344.11 | M15: 4695053 | N15: 158188.9 | O15: 4.87
A16: 9 | B16: 260210_gamme_A_7 | D16: 10.2 | E16: Standard | F16: 3036 | H16: bbXIO | J16: 53880528 | K16: 2946528 | L16: 3321.85 | M16: 11496235 | N16: 2022101.9 | O16: 4.69
A17: 10 | B17: 260210_gamme_A_7bis | D17: 10.2 | E17: Standard | F17: 3036 | H17: bbXIO | J17: 53129568 | K17: 2865609 | L17: 3368.05 | M17: 11255809 | N17: 754153088 | O17: 4.72
A18: 11 | B18: 260210_gamme_A_8 | D18: 10.2 | E18: Standard | F18: 5060 | H18: bbXIO | J18: 75603280 | K18: 2740289 | L18: 5011.91 | M18: 16643956 | N18: 1041403712 | O18: 4.54
A19: 42 | B19: 260210_gamme_B_1 | D19: 10.19 | E19: Standard | F19: 4.05 | G19: 5 | H19: bb | I19: 4.254 | J19: 110340 | K19: 3210772 | L19: 6.24 | M19: 25319 | N19: 5858.8 | O19: 4.36
A20: 43 | B20: 260210_gamme_B_1bis | D20: 10.19 | E20: Standard | F20: 4.05 | G20: 4.2 | H20: bb | I20: 4.219 | J20: 108842 | K20: 3194451 | L20: 6.19 | M20: 24712 | N20: 2972.1 | O20: 4.4
A21: 44 | B21: 260210_gamme_B_2 | D21: 10.19 | E21: Standard | F21: 14.17 | G21: 2 | H21: bb | I21: 14.456 | J21: 375250 | K21: 3109684 | L21: 21.92 | M21: 77940 | N21: 17405.2 | O21: 4.81
A22: 45 | B22: 260210_gamme_B_2bis | D22: 10.19 | E22: Standard | F22: 14.17 | G22: 4.2 | H22: bb | I22: 14.761 | J22: 374016 | K22: 3034616 | L22: 22.39 | M22: 77657 | N22: 8713.6 | O22: 4.82
A23: 46 | B23: 260210_gamme_B_3 | D23: 10.2 | E23: Standard | F23: 80.96 | G23: -0.8 | H23: bb | I23: 80.3 | J23: 2094972 | K23: 3121440 | L23: 121.92 | M23: 422836 | N23: 84709.1 | O23: 4.95
A24: 47 | B24: 260210_gamme_B_4 | D24: 10.19 | E24: Standard | F24: 161.92 | G24: 2.9 | H24: bb | I24: 166.563 | J24: 4338262 | K24: 3154491 | L24: 249.83 | M24: 870006 | N24: 369307.7 | O24: 4.99
A25: 48 | B25: 260210_gamme_B_5 | D25: 10.19 | E25: Standard | F25: 404.8 | G25: 0 | H25: bb | I25: 404.619 | J25: 10393703 | K25: 3229993 | L25: 584.56 | M25: 2108664 | N25: 164674880 | O25: 4.93
A26: 49 | B26: 260210_gamme_B_6 | D26: 10.19 | E26: Standard | F26: 1012 | G26: 1.4 | H26: bbX | I26: 1026.049 | J26: 24072722 | K26: 3282971 | L26: 1332.04 | M26: 5008652 | N26: 366657888 | O26: 4.81
A27: 50 | B27: 260210_gamme_B_7 | D27: 10.19 | E27: Standard | F27: 3036 | H27: bbXIO | J27: 54838584 | K27: 2953165 | L27: 3373.32 | M27: 11897643 | N27: 765602752 | O27: 4.61
A28: 51 | B28: 260210_gamme_B_7bis | D28: 10.19 | E28: Standard | F28: 3036 | H28: bbXIO | J28: 53950524 | K28: 2867447 | L28: 3417.9 | M28: 11708585 | N28: 217013.2 | O28: 4.61
A29: 52 | B29: 260210_gamme_B_8 | D29: 10.19 | E29: Standard | F29: 5060 | H29: bbXIO | J29: 75593704 | K29: 2720233 | L29: 5048.23 | M29: 16597652 | N29: 1019583936 | O29: 4.55
A30: 12 | B30: 260210_MeOH_1 | D30: 10.19 | H30: bb | J30: 38112 | K30: 1320 | M30: 7899 | N30: 308.5 | O30: 4.83
A31: 13 | B31: 260210_MeOH_2 | D31: 10.19 | H31: bb | J31: 11795 | K31: 636 | M31: 2517 | N31: 291.1 | O31: 4.69
A32: 14 | B32: 260210_blanc_1 | D32: 10.19 | H32: bb | J32: 8905 | K32: 557 | M32: 2382 | N32: 317.4 | O32: 3.74
A33: 15 | B33: 260210_blanc_2 | D33: 10.19 | H33: bb | J33: 6458 | K33: 460 | M33: 1449 | N33: 491.5 | O33: 4.46 | Q33: dilution | R33: pe en g | S33: quantité ng | T33: ng/g de vdt
A34: 16 | B34: 260210_Si_vdt_dil | D34: 10.19 | H34: bb | I34: 0.422 | J34: 5249 | K34: 3612793 | L34: 0.34 | M34: 4952 | N34: 297 | O34: 1.06 | Q34: 60000 | U34: effet mémoire, aire similaire blancs précédents
A35: 17 | B35: 260210_vdt_N0_1_dil20 | C35: tube 19 | D35: 10.19 | H35: bb | I35: 0.718 | J35: 11490 | K35: 2615102 | L35: 0.8 | M35: 4541 | N35: 634.2 | O35: 2.53 | Q35: 20 | R35: 0.2771 | S35: =((I35*Q35*1.5)/1000)*(6/0.1)*1.296 -> 1.6749504 | T35: =S35/R35 -> 6.0445702
A36: 18 | B36: 260210_vdt_N0_2_dil20 | C36: tube 20 | D36: 10.19 | H36: bb | I36: 0.713 | J36: 11825 | K36: 2716141 | L36: 0.79 | M36: 4663 | N36: 799.3 | O36: 2.54 | Q36: 20 | R36: 0.2948 | S36: =((I36*Q36*1.5)/1000)*(6/0.1)*1.296 -> 1.6632864 | T36: =S36/R36 -> 5.6420841
A37: 19 | B37: 260210_epx_J0_25_1 | C37: tube 1 | D37: 10.19 | H37: bb | I37: 47.722 | J37: 963915 | K37: 2408070 | L37: 72.7 | M37: 199599 | N37: 36180.4 | O37: 4.83 | Q37: 20 | R37: 0.2902 | S37: =((I37*Q37*1.5)/1000)*(6/0.1)*1.296 -> 111.32588 | T37: =S37/R37 -> 383.61779
A38: 20 | B38: 260210_epx_J0_25_2 | C38: tube 2 | D38: 10.19 | H38: bb | I38: 51.494 | J38: 1099291 | K38: 2545794 | L38: 78.42 | M38: 224496 | N38: 65584.1 | O38: 4.9 | Q38: 20 | R38: 0.3361 | S38: =((I38*Q38*1.5)/1000)*(6/0.1)*1.296 -> 120.1252 | T38: =S38/R38 -> 357.40911
A39: 21 | B39: 260210_epx_J0_25_3 | C39: tube3 | D39: 10.19 | H39: bb | I39: 41.262 | J39: 856451 | K39: 2473738 | L39: 62.88 | M39: 176665 | N39: 4022 | O39: 4.85 | Q39: 20 | R39: 0.2835 | S39: =((I39*Q39*1.5)/1000)*(6/0.1)*1.296 -> 96.255994 | T39: =S39/R39 -> 339.52731
A40: 22 | B40: 260210_epx_J1_1 | C40: tube 4 | D40: 10.19 | H40: bb | I40: 103.226 | J40: 2061384 | K40: 2395953 | L40: 156.26 | M40: 428558 | N40: 53420.8 | O40: 4.81 | Q40: 20 | R40: 0.2841 | S40: =((I40*Q40*1.5)/1000)*(6/0.1)*1.296 -> 240.80561 | T40: =S40/R40 -> 847.60863
A41: 23 | B41: 260210_epx_J1_2 | C41: tube 5 | D41: 10.19 | H41: bb | I41: 64.581 | J41: 1324380 | K41: 2448548 | L41: 98.24 | M41: 271903 | N41: 24902.3 | O41: 4.87 | Q41: 20 | R41: 0.3084 | S41: =((I41*Q41*1.5)/1000)*(6/0.1)*1.296 -> 150.65456 | T41: =S41/R41 -> 488.50375
A42: 24 | B42: 260210_epx_J1_3 | C42: tube 6 | D42: 10.19 | H42: bb | I42: 108.503 | J42: 2115625 | K42: 2341092 | L42: 164.13 | M42: 431786 | N42: 102345.4 | O42: 4.9 | Q42: 20 | R42: 0.3005 | S42: =((I42*Q42*1.5)/1000)*(6/0.1)*1.296 -> 253.1158 | T42: =S42/R42 -> 842.31547
A43: 25 | B43: 260210_epx_J3_1 | C43: tube 7 | D43: 10.19 | H43: bb | I43: 78.386 | J43: 1587173 | K43: 2421494 | L43: 119.04 | M43: 330343 | N43: 101405.3 | O43: 4.8 | Q43: 20 | R43: 0.2911 | S43: =((I43*Q43*1.5)/1000)*(6/0.1)*1.296 -> 182.85886 | T43: =S43/R43 -> 628.1651
A44: 26 | B44: 260210_epx_J3_2 | C44: tube 8 | D44: 10.19 | H44: bb | I44: 85.43 | J44: 1842769 | K44: 2581910 | L44: 129.63 | M44: 379811 | N44: 40683.7 | O44: 4.85 | Q44: 20 | R44: 0.2914 | S44: =((I44*Q44*1.5)/1000)*(6/0.1)*1.296 -> 199.2911 | T44: =S44/R44 -> 683.90907
A45: 27 | B45: 260210_epx_J3_3 | C45: tube 9 | D45: 10.19 | H45: bb | I45: 77.678 | J45: 1681424 | K45: 2588418 | L45: 117.98 | M45: 342200 | N45: 103436 | O45: 4.91 | Q45: 20 | R45: 0.3184 | S45: =((I45*Q45*1.5)/1000)*(6/0.1)*1.296 -> 181.20724 | T45: =S45/R45 -> 569.11821
A46: 28 | B46: 260210_blanc_eau | D46: 10.19 | H46: bb | J46: 2735 | K46: 2470 | M46: 811 | N46: 132.9 | O46: 3.37
A47: 29 | B47: 260210_imd_J3_1 | C47: tube 10 | D47: 10.19 | H47: bb | I47: 0.745 | J47: 14691 | K47: 3177697 | L47: 0.84 | M47: 5741 | N47: 862.9 | O47: 2.56 | Q47: 20 | R47: 0.3079 | S47: =((I47*Q47*1.5)/1000)*(6/0.1)*1.296 -> 1.737936 | T47: =S47/R47 -> 5.644482
A48: 30 | B48: 260210_imd_J3_2 | C48: tube 11 | D48: 10.19 | H48: bb | I48: 0.369 | J48: 4426 | K48: 3097922 | L48: 0.26 | M48: 3576 | N48: 136.7 | O48: 1.24 | Q48: 20 | R48: 0.2602 | S48: =((I48*Q48*1.5)/1000)*(6/0.1)*1.296 -> 0.8608032 | T48: =S48/R48 -> 3.3082367
A49: 31 | B49: 260210_imd_J3_3 | C49: tube 12 | D49: 10.19 | H49: bb | I49: 0.38 | J49: 4614 | K49: 3031204 | L49: 0.28 | M49: 3691 | N49: 240.1 | O49: 1.25 | Q49: 20 | R49: 0.2673 | S49: =((I49*Q49*1.5)/1000)*(6/0.1)*1.296 -> 0.886464 | T49: =S49/R49 -> 3.3163636
A50: 32 | B50: 260210_imd_J7_1 | C50: tube 13 | D50: 10.19 | H50: bb | I50: 0.709 | J50: 12601 | K50: 2920108 | L50: 0.78 | M50: 4858 | N50: 320.4 | O50: 2.59 | Q50: 20 | R50: 0.2657 | S50: =((I50*Q50*1.5)/1000)*(6/0.1)*1.296 -> 1.6539552 | T50: =S50/R50 -> 6.2248973
A51: 33 | B51: 260210_imd_J7_2 | C51: tube 14 | D51: 10.19 | H51: bb | I51: 0.346 | J51: 3683 | K51: 2970031 | L51: 0.23 | M51: 3137 | N51: 135.2 | O51: 1.17 | Q51: 20 | R51: 0.2439 | S51: =((I51*Q51*1.5)/1000)*(6/0.1)*1.296 -> 0.8071488 | T51: =S51/R51 -> 3.3093432
A52: 34 | B52: 260210_imd_J7_3 | C52: tube 15 | D52: 10.19 | H52: bb | I52: 0.32 | J52: 2982 | K52: 2926031 | L52: 0.19 | M52: 3056 | N52: 54.2 | O52: 0.98 | Q52: 20 | R52: 0.2194 | S52: =((I52*Q52*1.5)/1000)*(6/0.1)*1.296 -> 0.746496 | T52: =S52/R52 -> 3.402443
A53: 35 | B53: 260210_imd_J14_1 | C53: tube 16 | D53: 10.19 | H53: bb | I53: 0.332 | J53: 3244 | K53: 2903460 | L53: 0.2 | M53: 2903 | N53: 233 | O53: 1.12 | Q53: 20 | R53: 0.2556 | S53: =((I53*Q53*1.5)/1000)*(6/0.1)*1.296 -> 0.7744896 | T53: =S53/R53 -> 3.0300845
A54: 36 | B54: 260210_imd_J14_2 | C54: tube 17 | D54: 10.19 | H54: bb | I54: 0.313 | J54: 2719 | K54: 2835110 | L54: 0.17 | M54: 2778 | N54: 314.2 | O54: 0.98 | Q54: 20 | R54: 0.2036 | S54: =((I54*Q54*1.5)/1000)*(6/0.1)*1.296 -> 0.7301664 | T54: =S54/R54 -> 3.586279
A55: 37 | B55: 260210_imd_J14_3 | C55: tube 18 | D55: 10.19 | H55: bb | I55: 0.312 | J55: 2618 | K55: 2747064 | L55: 0.17 | M55: 2673 | N55: 107.4 | O55: 0.98 | Q55: 20 | R55: 0.2385 | S55: =((I55*Q55*1.5)/1000)*(6/0.1)*1.296 -> 0.7278336 | T55: =S55/R55 -> 3.0517132
A56: 38 | B56: 260210_MeOH_3 | K56: 1289
A57: 39 | B57: 260210_MeOH_4 | K57: 482
A58: 40 | B58: 260210_blanc_3 | K58: 435
A59: 41 | B59: 260210_blanc_4 | K59: 311
A61: Compound 2: epoxiconazole-d5
B63: Name | C63: Sample Text | D63: RT | E63: Type | F63: Std, Conc | G63: %Dev | H63: Primary Flags | I63: ng/l | J63: Area | K63: IS Area | L63: Response | M63: 1ｺ Area | N63: S/N | O63: 1ｺ Ratio (Actual)
A64: 1 | B64: 260210_gamme_A_1 | D64: 10.17 | E64: Standard | F64: 181.66 | G64: 3 | H64: bb | I64: 187.021 | J64: 3165509 | L64: 3165509.2 | N64: 63550.8
A65: 2 | B65: 260210_gamme_A_1bis | D65: 10.17 | E65: Standard | F65: 181.66 | G65: 0.5 | H65: bb | I65: 182.603 | J65: 3090725 | L65: 3090725.2 | N65: 215009.5
A66: 3 | B66: 260210_gamme_A_2 | D66: 10.17 | E66: Standard | F66: 181.66 | G66: 1.7 | H66: bb | I66: 184.762 | J66: 3127273 | L66: 3127273.2 | N66: 156382.2
A67: 4 | B67: 260210_gamme_A_2bis | D67: 10.17 | E67: Standard | F67: 181.66 | G67: -0.3 | H67: bb | I67: 181.137 | J67: 3065920 | L67: 3065920 | N67: 235390.4
A68: 5 | B68: 260210_gamme_A_3 | D68: 10.17 | E68: Standard | F68: 181.66 | G68: -0.6 | H68: bb | I68: 180.63 | J68: 3057340 | L68: 3057340.2 | N68: 177903.3
A69: 6 | B69: 260210_gamme_A_4 | D69: 10.17 | E69: Standard | F69: 181.66 | G69: -5.4 | H69: bb | I69: 171.882 | J69: 2909259 | L69: 2909258.8 | N69: 89541.6
A70: 7 | B70: 260210_gamme_A_5 | D70: 10.17 | E70: Standard | F70: 181.66 | G70: -1.9 | H70: bb | I70: 178.249 | J70: 3017027 | L70: 3017027 | N70: 278042.7
A71: 8 | B71: 260210_gamme_A_6 | D71: 10.17 | E71: Standard | F71: 181.66 | G71: 0.5 | H71: bb | I71: 182.626 | J71: 3091126 | L71: 3091125.5 | N71: 135132.1
A72: 9 | B72: 260210_gamme_A_7 | D72: 10.17 | E72: Standard | F72: 181.66 | G72: -4.2 | H72: bb | I72: 174.084 | J72: 2946528 | L72: 2946528.2 | N72: 128529.6
A73: 10 | B73: 260210_gamme_A_7bis | D73: 10.17 | E73: Standard | F73: 181.66 | G73: -6.8 | H73: bb | I73: 169.303 | J73: 2865609 | L73: 2865609.2 | N73: 82400.5
A74: 11 | B74: 260210_gamme_A_8 | D74: 10.17 | E74: Standard | F74: 181.66 | G74: -10.9 | H74: bbX | I74: 161.899 | J74: 2740289 | L74: 2740288.5 | N74: 33998.3
A75: 42 | B75: 260210_gamme_B_1 | D75: 10.17 | E75: Standard | F75: 181.66 | G75: 4.4 | H75: bb | I75: 189.695 | J75: 3210772 | L75: 3210772.2 | N75: 134696
... A85: 52 | B85: 260210_gamme_B_8 | D85: 10.17 | E85: Standard | F85: 181.66 | G85: -11.5 | H85: bbX | I85: 160.714 | J85: 2720233 | L85: 2720232.5 | N85: 74486.4
A86: 12 | B86: 260210_MeOH_1 | D86: 10.17 | H86: bb | I86: 0.078 | J86: 1320 | L86: 1319.94 | N86: 169.3
A87: 13 | B87: 260210_MeOH_2 | D87: 10.17 | H87: MM | I87: 0.038 | J87: 636 | L87: 635.58 | N87: 46.2
A88: 14 | B88: 260210_blanc_1 | D88: 10.17 | H88: MM | I88: 0.033 | J88: 557 | L88: 557.4 | N88: 51.2
A89: 15 | B89: 260210_blanc_2 | D89: 10.17 | H89: MM | I89: 0.027 | J89: 460 | L89: 459.84 | N89: 78 | Q89: dilution | R89: cc µl/l SI-std | S89: cc théorique | T89: rdt %
A90: 16 | B90: 260210_Si_vdt_dil | D90: 10.17 | F90: 235.44 | G90: -9.3 | H90: bb | I90: 213.447 | J90: 3612793 | L90: 3612792.8 | N90: 581669.8 | Q90: 60000 | R90: =I90*Q90/1000 -> 12806.82 | S90: 14126 | T90: =R90*100/S90 -> 90.661334
A91: 17 | B91: 260210_vdt_N0_1_dil20 | C91: tube 19 | D91: 10.17 | F91: 181.62 | G91: -14.9 | H91: bb | I91: 154.503 | J91: 2615102 | L91: 2615101.5 | N91: 35272.4 | T91: =100+G91 -> 85.1
A92: 18 | B92: 260210_vdt_N0_2_dil20 | C92: tube 20 | D92: 10.17 | F92: 181.62 | G92: -11.6 | H92: bb | I92: 160.472 | J92: 2716141 | L92: 2716141.2 | N92: 154712.3 | T92: =100+G92 -> 88.4
A93: 19 | B93: 260210_epx_J0_25_1 | C93: tube 1 | D93: 10.17 | F93: 181.62 | G93: -21.7 | H93: bb | I93: 142.271 | J93: 2408070 | L93: 2408069.5 | N93: 59516.5 | T93: =100+G93 -> 78.3
A94: 20 | B94: 260210_epx_J0_25_2 | C94: tube 2 | D94: 10.17 | F94: 181.62 | G94: -17.2 | H94: bb | I94: 150.408 | J94: 2545794 | L94: 2545794 | N94: 41559.6 | T94: =100+G94 -> 82.8
A95: 21 | B95: 260210_epx_J0_25_3 | C95: tube3 | D95: 10.17 | F95: 181.62 | G95: -19.5 | H95: bb | I95: 146.151 | J95: 2473738 | L95: 2473737.5 | N95: 73815.9 | T95: =100+G95 -> 80.5
A96: 22 | B96: 260210_epx_J1_1 | C96: tube 4 | D96: 10.17 | F96: 181.62 | G96: -22.1 | H96: bb | I96: 141.555 | J96: 2395953 | L96: 2395953.2 | N96: 89981.8 | T96: =100+G96 -> 77.9
A97: 23 | B97: 260210_epx_J1_2 | C97: tube 5 | D97: 10.17 | F97: 181.62 | G97: -20.3 | H97: bb | I97: 144.662 | J97: 2448548 | L97: 2448547.5 | N97: 97173.5 | T97: =100+G97 -> 79.7
A98: 24 | B98: 260210_epx_J1_3 | C98: tube 6 | D98: 10.17 | F98: 181.62 | G98: -23.8 | H98: bb | I98: 138.314 | J98: 2341092 | L98: 2341091.8 | N98: 370393.3 | T98: =100+G98 -> 76.2
A99: 25 | B99: 260210_epx_J3_1 | C99: tube 7 | D99: 10.17 | F99: 181.62 | G99: -21.2 | H99: bb | I99: 143.064 | J99: 2421494 | L99: 2421493.8 | N99: 277904.3 | T99: =100+G99 -> 78.8
A100: 26 | B100: 260210_epx_J3_2 | C100: tube 8 | D100: 10.17 | F100: 181.62 | G100: -16 | H100: bb | I100: 152.542 | J100: 2581910 | L100: 2581909.8 | N100: 277413 | T100: =100+G100 -> 84
A101: 27 | B101: 260210_epx_J3_3 | C101: tube 9 | D101: 10.17 | F101: 181.62 | G101: -15.8 | H101: bb | I101: 152.926 | J101: 2588418 | L101: 2588418 | N101: 111418.2 | T101: =100+G101 -> 84.2
A102: 28 | B102: 260210_blanc_eau | D102: 10.17 | H102: bb | I102: 0.146 | J102: 2470 | L102: 2469.76 | N102: 207.1
A103: 29 | B103: 260210_imd_J3_1 | C103: tube 10 | D103: 10.17 | F103: 181.62 | G103: 3.4 | H103: bb | I103: 187.741 | J103: 3177697 | L103: 3177697 | N103: 51147752 | T103: =100+G103 -> 103.4
A104: 30 | B104: 260210_imd_J3_2 | C104: tube 11 | D104: 10.17 | F104: 181.62 | G104: 0.8 | H104: bb | I104: 183.028 | J104: 3097922 | L104: 3097922.2 | N104: 375389.6 | T104: =100+G104 -> 100.8
A105: 31 | B105: 260210_imd_J3_3 | C105: tube 12 | D105: 10.17 | F105: 181.62 | G105: -1.4 | H105: bb | I105: 179.086 | J105: 3031204 | L105: 3031203.5 | N105: 157994.4 | T105: =100+G105 -> 98.6
A106: 32 | B106: 260210_imd_J7_1 | C106: tube 13 | D106: 10.17 | F106: 181.62 | G106: -5 | H106: bb | I106: 172.523 | J106: 2920108 | L106: 2920107.8 | N106: 31840.2 | T106: =100+G106 -> 95
A107: 33 | B107: 260210_imd_J7_2 | C107: tube 14 | D107: 10.17 | F107: 181.62 | G107: -3.4 | H107: bb | I107: 175.472 | J107: 2970031 | L107: 2970030.8 | N107: 58974.8 | T107: =100+G107 -> 96.6
A108: 34 | B108: 260210_imd_J7_3 | C108: tube 15 | D108: 10.17 | F108: 181.62 | G108: -4.8 | H108: bb | I108: 172.873 | J108: 2926031 | L108: 2926030.8 | N108: 47730 | T108: =100+G108 -> 95.2
A109: 35 | B109: 260210_imd_J14_1 | C109: tube 16 | D109: 10.17 | F109: 181.62 | G109: -5.6 | H109: bb | I109: 171.539 | J109: 2903460 | L109: 2903459.8 | N109: 203858.7 | T109: =100+G109 -> 94.4
A110: 36 | B110: 260210_imd_J14_2 | C110: tube 17 | D110: 10.17 | F110: 181.62 | G110: -7.8 | H110: bb | I110: 167.501 | J110: 2835110 | L110: 2835109.5 | N110: 21466.6 | T110: =100+G110 -> 92.2
A111: 37 | B111: 260210_imd_J14_3 | C111: tube 18 | D111: 10.17 | F111: 181.62 | G111: -10.6 | H111: bb | I111: 162.299 | J111: 2747064 | L111: 2747063.8 | N111: 53830 | T111: =100+G111 -> 89.4
A112: 38 | B112: 260210_MeOH_3 | D112: 10.17 | H112: MM | I112: 0.076 | J112: 1289 | L112: 1288.78 | N112: 33
A113: 39 | B113: 260210_MeOH_4 | D113: 10.17 | H113: MM | I113: 0.029 | J113: 482 | L113: 482.44 | N113: 15.8
A114: 40 | B114: 260210_blanc_3 | D114: 10.17 | H114: MM | I114: 0.026 | J114: 435 | L114: 435.29 | N114: 43.5
...

Sheet résultats
B1: ng/g de vers de terre frais
B2: Epoxiconazole | C2: Imidaclopride
A3: vdt_N0_1 | B3: ='260210_tese Lisa_vdt_TKbis'!T35 -> 6.0445702 | C3: ='260210_tese Lisa_vdt_TKbis'!T147 -> 6.692804
A4: vdt_N0_2 | B4: ='260210_tese Lisa_vdt_TKbis'!T36 -> 5.6420841 | C4: ='260210_tese Lisa_vdt_TKbis'!T148 -> 5.7053894
A6: epx_J0_25_1 | B6: ='260210_tese Lisa_vdt_TKbis'!T37 -> 383.61779 | C6: ='260210_tese Lisa_vdt_TKbis'!T149 -> 7.7652819
A7: epx_J0_25_2 | B7: ='260210_tese Lisa_vdt_TKbis'!T38 -> 357.40911 | C7: ='260210_tese Lisa_vdt_TKbis'!T150 -> 4.0325998
A8: epx_J0_25_3 | B8: ='260210_tese Lisa_vdt_TKbis'!T39 -> 339.52731 | C8: ='260210_tese Lisa_vdt_TKbis'!T151 -> 11.314286
A10: epx_J1_1 | B10: ='260210_tese Lisa_vdt_TKbis'!T40 -> 847.60863 | C10: ='260210_tese Lisa_vdt_TKbis'!T152 -> 8.3589947
A11: epx_J1_2 | B11: ='260210_tese Lisa_vdt_TKbis'!T41 -> 488.50375 | C11: ='260210_tese Lisa_vdt_TKbis'!T153 -> 7.178428
A12: epx_J1_3 | B12: ='260210_tese Lisa_vdt_TKbis'!T42 -> 842.31547 | C12: ='260210_tese Lisa_vdt_TKbis'!T154 -> 5.0615161
A14: epx_J3_1 | B14: ='260210_tese Lisa_vdt_TKbis'!T43 -> 628.1651 | C14: ='260210_tese Lisa_vdt_TKbis'!T155 -> 21.124221
A15: epx_J3_2 | B15: ='260210_tese Lisa_vdt_TKbis'!T44 -> 683.90907 | C15: ='260210_tese Lisa_vdt_TKbis'!T156 -> 5.7639533
A16: epx_J3_3 | B16: ='260210_tese Lisa_vdt_TKbis'!T45 -> 569.11821 | C16: ='260210_tese Lisa_vdt_TKbis'!T157 -> 5.0700302
A18: imd_J3_1 | B18: ='260210_tese Lisa_vdt_TKbis'!T47 -> 5.644482 | C18: ='260210_tese Lisa_vdt_TKbis'!T159 -> 632.44716
A19: imd_J3_2 | B19: ='260210_tese Lisa_vdt_TKbis'!T48 -> 3.3082367 | C19: ='260210_tese Lisa_vdt_TKbis'!T160 -> 571.05187
A20: imd_J3_3 | B20: ='260210_tese Lisa_vdt_TKbis'!T49 -> 3.3163636 | C20: ='260210_tese Lisa_vdt_TKbis'!T161 -> 721.37891
A22: imd_J7_1 | B22: ='260210_tese Lisa_vdt_TKbis'!T50 -> 6.2248973 | C22: ='260210_tese Lisa_vdt_TKbis'!T162 -> 757.25129
A23: imd_J7_2 | B23: ='260210_tese Lisa_vdt_TKbis'!T51 -> 3.3093432 | C23: ='260210_tese Lisa_vdt_TKbis'!T163 -> 949.76236
A24: imd_J7_3 | B24: ='260210_tese Lisa_vdt_TKbis'!T52 -> 3.402443 | C24: ='260210_tese Lisa_vdt_TKbis'!T164 -> 900.55224
A26: imd_J14_1 | B26: ='260210_tese Lisa_vdt_TKbis'!T53 -> 3.0300845 | C26: ='260210_tese Lisa_vdt_TKbis'!T165 -> 1319.6201
A27: imd_J14_2 | B27: ='260210_tese Lisa_vdt_TKbis'!T54 -> 3.586279 | C27: ='260210_tese Lisa_vdt_TKbis'!T166 -> 860.11115
A28: imd_J14_3 | B28: ='260210_tese Lisa_vdt_TKbis'!T55 -> 3.0517132 | C28: ='260210_tese Lisa_vdt_TKbis'!T167 -> 1208.8208
